,date,time,race_name,horse_name,sp,pos,fin_time,pred,kelly,bankroll,stake,returns
260715,2019-07-29,5:20,Galwaybayhotel.com & Galmont.com Novice Hurdle,Lethal Steps,10/1,1,3:48.80,0.0,-0.1,100.0,-0.0,0.0
260724,2019-07-29,5:20,Galwaybayhotel.com & Galmont.com Novice Hurdle,City Ballerina,20/1,10,3:57.55,0.0,-0.05,100.0,-0.0,0.0
260725,2019-07-29,5:20,Galwaybayhotel.com & Galmont.com Novice Hurdle,Acrux Cass,100/1,11,3:58.10,0.0,-0.01,100.0,-0.0,0.0
260726,2019-07-29,5:20,Galwaybayhotel.com & Galmont.com Novice Hurdle,Little Saint,100/1,12,4:2.70,0.0,-0.01,100.0,-0.0,0.0
260727,2019-07-29,5:20,Galwaybayhotel.com & Galmont.com Novice Hurdle,Herdwick,100/1,13,4:8.30,0.0,-0.01,100.0,-0.0,0.0
260716,2019-07-29,5:20,Galwaybayhotel.com & Galmont.com Novice Hurdle,Morosini,3/1,2,3:49.20,0.47619047619047616,0.3015873015873015,100.0,15.079365079365076,0.0
260717,2019-07-29,5:20,Galwaybayhotel.com & Galmont.com Novice Hurdle,Winner Takes Itall,7/1,3,3:49.20,0.07692307692307693,-0.05494505494505494,100.0,-0.0,0.0
260718,2019-07-29,5:20,Galwaybayhotel.com & Galmont.com Novice Hurdle,Ashqar,25/1,4,3:49.30,0.24324324324324326,0.212972972972973,100.0,10.64864864864865,0.0
260719,2019-07-29,5:20,Galwaybayhotel.com & Galmont.com Novice Hurdle,Authorized Art,11/8F,5,3:50.10,0.24324324324324326,-0.30513121817469646,100.0,-0.0,0.0
260720,2019-07-29,5:20,Galwaybayhotel.com & Galmont.com Novice Hurdle,Flindt,16/1,6,3:52.50,0.0,-0.0625,100.0,-0.0,0.0
260721,2019-07-29,5:20,Galwaybayhotel.com & Galmont.com Novice Hurdle,Stealth,100/1,7,3:57.10,0.0,-0.01,100.0,-0.0,0.0
260722,2019-07-29,5:20,Galwaybayhotel.com & Galmont.com Novice Hurdle,Rasiym,12/1,8,3:57.45,0.0,-0.08333333333333333,100.0,-0.0,0.0
260723,2019-07-29,5:20,Galwaybayhotel.com & Galmont.com Novice Hurdle,Indian Admiral,50/1,9,3:57.50,0.0,-0.02,100.0,-0.0,0.0
260728,2019-07-29,5:20,Galwaybayhotel.com & Galmont.com Novice Hurdle,Rip Rocks Paddy Ok,11/1,UR,,0.24324324324324326,0.17444717444717447,100.0,8.722358722358724,0.0
254646,2019-07-29,5:55,Easyfix Handicap Hurdle,Linger,9/4F,1,3:47.90,0.24324324324324326,-0.09309309309309308,65.54962754962756,-0.0,0.0
254655,2019-07-29,5:55,Easyfix Handicap Hurdle,Castlehume,14/1,10,3:50.70,0.0,-0.07142857142857142,65.54962754962756,-0.0,0.0
254656,2019-07-29,5:55,Easyfix Handicap Hurdle,Sticky Situation,25/1,11,3:50.95,0.0,-0.04,65.54962754962756,-0.0,0.0
254657,2019-07-29,5:55,Easyfix Handicap Hurdle,Dumhach Thra,8/1,12,3:51.30,0.0,-0.125,65.54962754962756,-0.0,0.0
254658,2019-07-29,5:55,Easyfix Handicap Hurdle,Act In Time,40/1,13,3:52.25,0.0,-0.025,65.54962754962756,-0.0,0.0
254659,2019-07-29,5:55,Easyfix Handicap Hurdle,Al Sakb,14/1,14,3:52.85,0.0,-0.07142857142857142,65.54962754962756,-0.0,0.0
254660,2019-07-29,5:55,Easyfix Handicap Hurdle,Water Sprite,33/1,15,3:53.20,0.0,-0.030303030303030304,65.54962754962756,-0.0,0.0
254661,2019-07-29,5:55,Easyfix Handicap Hurdle,Colour Me In,66/1,16,3:54.30,0.0,-0.015151515151515152,65.54962754962756,-0.0,0.0
254662,2019-07-29,5:55,Easyfix Handicap Hurdle,Monkeylou,14/1,17,3:54.75,0.0,-0.07142857142857142,65.54962754962756,-0.0,0.0
254663,2019-07-29,5:55,Easyfix Handicap Hurdle,The Irregular,33/1,18,3:57.15,0.0,-0.030303030303030304,65.54962754962756,-0.0,0.0
254664,2019-07-29,5:55,Easyfix Handicap Hurdle,Morning Skye,12/1,19,3:59.95,0.0,-0.08333333333333333,65.54962754962756,-0.0,0.0
254647,2019-07-29,5:55,Easyfix Handicap Hurdle,Roachdale House,20/1,2,3:49.10,0.0,-0.05,65.54962754962756,-0.0,0.0
254648,2019-07-29,5:55,Easyfix Handicap Hurdle,Volatile Lady,18/1,3,3:49.20,0.0,-0.05555555555555555,65.54962754962756,-0.0,0.0
254649,2019-07-29,5:55,Easyfix Handicap Hurdle,Convara,7/2,4,3:49.25,0.07692307692307693,-0.18681318681318682,65.54962754962756,-0.0,0.0
254650,2019-07-29,5:55,Easyfix Handicap Hurdle,Whatsinthecorner,14/1,5,3:49.55,0.0,-0.07142857142857142,65.54962754962756,-0.0,0.0
254651,2019-07-29,5:55,Easyfix Handicap Hurdle,Cats For Cash,14/1,6,3:50.10,0.0,-0.07142857142857142,65.54962754962756,-0.0,0.0
254652,2019-07-29,5:55,Easyfix Handicap Hurdle,Lady In Lavender,33/1,7,3:50.35,0.0,-0.030303030303030304,65.54962754962756,-0.0,0.0
254653,2019-07-29,5:55,Easyfix Handicap Hurdle,De Mazzaro,16/1,8,3:50.40,0.0,-0.0625,65.54962754962756,-0.0,0.0
254654,2019-07-29,5:55,Easyfix Handicap Hurdle,Magic Sea,50/1,9,3:50.45,0.0,-0.02,65.54962754962756,-0.0,0.0
254665,2019-07-29,5:55,Easyfix Handicap Hurdle,Staged Engagement,16/1,PU,,0.0,-0.0625,65.54962754962756,-0.0,0.0
259276,2019-07-29,8:40,Monami Construction INH Flat Race,Russian Diamond,7/2,1,3:48.30,0.24324324324324326,0.027027027027027035,65.54962754962756,0.88580577769767,3.986125999639515
259285,2019-07-29,8:40,Monami Construction INH Flat Race,Judex Lefou,14/1,10,3:52.20,0.0,-0.07142857142857142,65.54962754962756,-0.0,-0.0
259286,2019-07-29,8:40,Monami Construction INH Flat Race,Nameloc,40/1,11,3:53.20,0.0,-0.025,65.54962754962756,-0.0,-0.0
259287,2019-07-29,8:40,Monami Construction INH Flat Race,Three Boyo's,50/1,12,3:54.70,0.0,-0.02,65.54962754962756,-0.0,-0.0
259288,2019-07-29,8:40,Monami Construction INH Flat Race,L'scroc,100/1,13,4:4.70,0.0,-0.01,65.54962754962756,-0.0,-0.0
259277,2019-07-29,8:40,Monami Construction INH Flat Race,Risk Factor,5/4F,2,3:48.50,0.47619047619047616,0.05714285714285712,65.54962754962756,1.8728465014179294,0.0
259278,2019-07-29,8:40,Monami Construction INH Flat Race,Soldiers Hill,16/1,3,3:49.20,0.0,-0.0625,65.54962754962756,-0.0,-0.0
259279,2019-07-29,8:40,Monami Construction INH Flat Race,Hollow Sound,25/1,4,3:49.65,0.0,-0.04,65.54962754962756,-0.0,-0.0
259280,2019-07-29,8:40,Monami Construction INH Flat Race,Mezyan,25/1,5,3:50.65,0.0,-0.04,65.54962754962756,-0.0,-0.0
259281,2019-07-29,8:40,Monami Construction INH Flat Race,Shanwalla,33/1,6,3:50.75,0.0,-0.030303030303030304,65.54962754962756,-0.0,-0.0
259282,2019-07-29,8:40,Monami Construction INH Flat Race,Paranoid,33/1,7,3:51.00,0.0,-0.030303030303030304,65.54962754962756,-0.0,-0.0
259283,2019-07-29,8:40,Monami Construction INH Flat Race,Rightplacerightime,100/1,8,3:51.70,0.0,-0.01,65.54962754962756,-0.0,-0.0
259284,2019-07-29,8:40,Monami Construction INH Flat Race,Think Positive,5/2,9,3:51.75,0.24324324324324326,-0.05945945945945948,65.54962754962756,-0.0,-0.0
265209,2019-07-30,5:20,COLM QUINN BMW Novice Hurdle,Fast Buck,2/1F,1,3:44.80,0.6923076923076923,0.5384615384615384,66.77710127015148,17.978450341963857,53.93535102589157
265210,2019-07-30,5:20,COLM QUINN BMW Novice Hurdle,Turnpike Trip,9/4,2,3:45.05,0.24324324324324326,-0.09309309309309308,66.77710127015148,-0.0,-0.0
265211,2019-07-30,5:20,COLM QUINN BMW Novice Hurdle,Road To Dubai,7/1,3,3:45.70,0.24324324324324326,0.13513513513513514,66.77710127015148,4.511966302037262,0.0
265212,2019-07-30,5:20,COLM QUINN BMW Novice Hurdle,Fine Brunello,9/4,4,3:46.15,0.07692307692307693,-0.3333333333333333,66.77710127015148,-0.0,-0.0
265213,2019-07-30,5:20,COLM QUINN BMW Novice Hurdle,Quantatmental,16/1,5,3:47.35,0.0,-0.0625,66.77710127015148,-0.0,-0.0
257116,2019-07-30,5:55,Latin Quarter Beginners Chase,Zero Ten,1/2F,1,4:26.90,1.0,1.0,98.22203565204194,49.11101782602097,73.66652673903145
257125,2019-07-30,5:55,Latin Quarter Beginners Chase,Broadway Star,100/1,10,4:30.95,0.0,-0.01,98.22203565204194,-0.0,-0.0
257126,2019-07-30,5:55,Latin Quarter Beginners Chase,Everlastingpromise,66/1,11,4:31.85,0.0,-0.015151515151515152,98.22203565204194,-0.0,-0.0
257127,2019-07-30,5:55,Latin Quarter Beginners Chase,Rebel Turn,66/1,12,4:32.85,0.0,-0.015151515151515152,98.22203565204194,-0.0,-0.0
257128,2019-07-30,5:55,Latin Quarter Beginners Chase,One In All In,16/1,13,4:36.65,0.0,-0.0625,98.22203565204194,-0.0,-0.0
257129,2019-07-30,5:55,Latin Quarter Beginners Chase,Trump Sixteen,100/1,14,4:41.05,0.0,-0.01,98.22203565204194,-0.0,-0.0
257130,2019-07-30,5:55,Latin Quarter Beginners Chase,The Holy One,8/1,15,4:46.05,0.0,-0.125,98.22203565204194,-0.0,-0.0
257117,2019-07-30,5:55,Latin Quarter Beginners Chase,Stormey,25/1,2,4:27.50,0.045454545454545456,0.007272727272727275,98.22203565204194,0.3571710387346981,0.0
257118,2019-07-30,5:55,Latin Quarter Beginners Chase,Charlie Stout,33/1,3,4:28.25,0.0,-0.030303030303030304,98.22203565204194,-0.0,-0.0
257119,2019-07-30,5:55,Latin Quarter Beginners Chase,Hero's Welcome,20/1,4,4:28.50,0.0,-0.05,98.22203565204194,-0.0,-0.0
257120,2019-07-30,5:55,Latin Quarter Beginners Chase,Pateen,33/1,5,4:28.75,0.0,-0.030303030303030304,98.22203565204194,-0.0,-0.0
257121,2019-07-30,5:55,Latin Quarter Beginners Chase,Jack Dillinger,12/1,6,4:29.55,0.0,-0.08333333333333333,98.22203565204194,-0.0,-0.0
257122,2019-07-30,5:55,Latin Quarter Beginners Chase,Ten Ten,20/1,7,4:30.00,0.0,-0.05,98.22203565204194,-0.0,-0.0
257123,2019-07-30,5:55,Latin Quarter Beginners Chase,Western Honour,20/1,8,4:30.25,0.0,-0.05,98.22203565204194,-0.0,-0.0
257124,2019-07-30,5:55,Latin Quarter Beginners Chase,Smitty Bacall,16/1,9,4:30.45,0.0,-0.0625,98.22203565204194,-0.0,-0.0
257131,2019-07-30,5:55,Latin Quarter Beginners Chase,Smiling Eliza,16/1,F,,0.0,-0.0625,98.22203565204194,-0.0,-0.0
257132,2019-07-30,5:55,Latin Quarter Beginners Chase,Robin On The Hill,66/1,UR,,0.0,-0.015151515151515152,98.22203565204194,-0.0,-0.0
259876,2019-07-31,5:10,Tote Supporting Irish Racing Since 1930 Maiden Hurdle,Diamond Hill,5/2,1,5:7.30,0.24324324324324326,-0.05945945945945948,122.42037352631772,-0.0,-0.0
259885,2019-07-31,5:10,Tote Supporting Irish Racing Since 1930 Maiden Hurdle,Huckleberry Hill,100/1,10,5:21.30,0.0,-0.01,122.42037352631772,-0.0,-0.0
259886,2019-07-31,5:10,Tote Supporting Irish Racing Since 1930 Maiden Hurdle,Battle Away,100/1,11,5:22.90,0.0,-0.01,122.42037352631772,-0.0,-0.0
259887,2019-07-31,5:10,Tote Supporting Irish Racing Since 1930 Maiden Hurdle,Dubheen,100/1,12,5:42.30,0.0,-0.01,122.42037352631772,-0.0,-0.0
259888,2019-07-31,5:10,Tote Supporting Irish Racing Since 1930 Maiden Hurdle,Lariat Go,100/1,13,5:45.90,0.0,-0.01,122.42037352631772,-0.0,-0.0
259877,2019-07-31,5:10,Tote Supporting Irish Racing Since 1930 Maiden Hurdle,Days Without End,7/2,2,5:7.55,0.1111111111111111,-0.14285714285714285,122.42037352631772,-0.0,-0.0
259878,2019-07-31,5:10,Tote Supporting Irish Racing Since 1930 Maiden Hurdle,Sky Marshal,8/1,3,5:7.65,0.24324324324324326,0.14864864864864866,122.42037352631772,9.098811545874966,0.0
259879,2019-07-31,5:10,Tote Supporting Irish Racing Since 1930 Maiden Hurdle,Dancing On My Own,11/10F,4,5:8.30,0.32650571402253437,-0.28576181868425254,122.42037352631772,-0.0,-0.0
259880,2019-07-31,5:10,Tote Supporting Irish Racing Since 1930 Maiden Hurdle,Baily Thunder,50/1,5,5:12.10,0.0,-0.02,122.42037352631772,-0.0,-0.0
259881,2019-07-31,5:10,Tote Supporting Irish Racing Since 1930 Maiden Hurdle,Divin Desir,66/1,6,5:13.10,0.0,-0.015151515151515152,122.42037352631772,-0.0,-0.0
259882,2019-07-31,5:10,Tote Supporting Irish Racing Since 1930 Maiden Hurdle,Antigua Son,100/1,7,5:14.40,0.0,-0.01,122.42037352631772,-0.0,-0.0
259883,2019-07-31,5:10,Tote Supporting Irish Racing Since 1930 Maiden Hurdle,Cosmic Rock,100/1,8,5:14.75,0.0,-0.01,122.42037352631772,-0.0,-0.0
259884,2019-07-31,5:10,Tote Supporting Irish Racing Since 1930 Maiden Hurdle,Killdevil George,66/1,9,5:15.50,0.0,-0.015151515151515152,122.42037352631772,-0.0,-0.0
259889,2019-07-31,5:10,Tote Supporting Irish Racing Since 1930 Maiden Hurdle,Caer,16/1,F,,0.0,-0.0625,122.42037352631772,-0.0,-0.0
255216,2019-07-31,5:40,Tote Proud Sponsor Of The Galway Races Handicap Hurdle,Ilikedwayurthinkin,2/1F,1,5:1.30,0.47619047619047616,0.21428571428571425,113.32156198044275,12.141595926476008,36.42478777942802
255225,2019-07-31,5:40,Tote Proud Sponsor Of The Galway Races Handicap Hurdle,Air Supremacy,25/1,10,5:4.40,0.045454545454545456,0.007272727272727275,113.32156198044275,0.41207840720161015,0.0
255226,2019-07-31,5:40,Tote Proud Sponsor Of The Galway Races Handicap Hurdle,Gaillimh Abu,20/1,11,5:4.70,0.0,-0.05,113.32156198044275,-0.0,-0.0
255227,2019-07-31,5:40,Tote Proud Sponsor Of The Galway Races Handicap Hurdle,Licklighter,8/1,12,5:4.80,0.0,-0.125,113.32156198044275,-0.0,-0.0
255228,2019-07-31,5:40,Tote Proud Sponsor Of The Galway Races Handicap Hurdle,Happy Lad,20/1,13,5:4.85,0.0,-0.05,113.32156198044275,-0.0,-0.0
255229,2019-07-31,5:40,Tote Proud Sponsor Of The Galway Races Handicap Hurdle,Ozzie's Way,33/1,14,5:5.35,0.0,-0.030303030303030304,113.32156198044275,-0.0,-0.0
255230,2019-07-31,5:40,Tote Proud Sponsor Of The Galway Races Handicap Hurdle,Cooldine Bog,14/1,15,5:5.95,0.0,-0.07142857142857142,113.32156198044275,-0.0,-0.0
255231,2019-07-31,5:40,Tote Proud Sponsor Of The Galway Races Handicap Hurdle,Roi De Dubai,9/1,16,5:6.00,0.0,-0.1111111111111111,113.32156198044275,-0.0,-0.0
255232,2019-07-31,5:40,Tote Proud Sponsor Of The Galway Races Handicap Hurdle,Generator City,20/1,17,5:7.20,0.0,-0.05,113.32156198044275,-0.0,-0.0
255233,2019-07-31,5:40,Tote Proud Sponsor Of The Galway Races Handicap Hurdle,Dark Decade,20/1,18,5:7.25,0.0,-0.05,113.32156198044275,-0.0,-0.0
255234,2019-07-31,5:40,Tote Proud Sponsor Of The Galway Races Handicap Hurdle,Allardyce,50/1,19,5:7.50,0.0,-0.02,113.32156198044275,-0.0,-0.0
255217,2019-07-31,5:40,Tote Proud Sponsor Of The Galway Races Handicap Hurdle,Sweet Home Chicago,25/1,2,5:2.60,0.045454545454545456,0.007272727272727275,113.32156198044275,0.41207840720161015,0.0
255235,2019-07-31,5:40,Tote Proud Sponsor Of The Galway Races Handicap Hurdle,Castle North,12/1,20,5:9.70,0.0,-0.08333333333333333,113.32156198044275,-0.0,-0.0
255218,2019-07-31,5:40,Tote Proud Sponsor Of The Galway Races Handicap Hurdle,Whatsyourstatus,18/1,3,5:2.85,0.045454545454545456,-0.007575757575757575,113.32156198044275,-0.0,-0.0
255219,2019-07-31,5:40,Tote Proud Sponsor Of The Galway Races Handicap Hurdle,Dawn Raider,33/1,4,5:2.85,0.24324324324324326,0.22031122031122033,113.32156198044275,12.483005803742467,0.0
255220,2019-07-31,5:40,Tote Proud Sponsor Of The Galway Races Handicap Hurdle,Ask Nile,16/1,5,5:2.90,0.24324324324324326,0.19594594594594594,113.32156198044275,11.102450329164999,0.0
255221,2019-07-31,5:40,Tote Proud Sponsor Of The Galway Races Handicap Hurdle,Bridge Native,16/1,6,5:3.05,0.045454545454545456,-0.014204545454545456,113.32156198044275,-0.0,-0.0
255222,2019-07-31,5:40,Tote Proud Sponsor Of The Galway Races Handicap Hurdle,Adimelo,40/1,7,5:3.65,0.0,-0.025,113.32156198044275,-0.0,-0.0
255223,2019-07-31,5:40,Tote Proud Sponsor Of The Galway Races Handicap Hurdle,Megalomaniac,11/2,8,5:4.00,0.045454545454545456,-0.12809917355371903,113.32156198044275,-0.0,-0.0
255224,2019-07-31,5:40,Tote Proud Sponsor Of The Galway Races Handicap Hurdle,Little Haarth,33/1,9,5:4.30,0.0,-0.030303030303030304,113.32156198044275,-0.0,-0.0
255394,2019-07-31,6:10,Sign Up For A Tote Account Irish EBF Mares Handicap Hurdle,Bercasa,10/1,1,3:51.30,0.24324324324324326,0.16756756756756758,113.19514088608409,9.483917209374614,104.32308930312075
255403,2019-07-31,6:10,Sign Up For A Tote Account Irish EBF Mares Handicap Hurdle,Buttons And Bows,8/1,10,3:53.70,0.045454545454545456,-0.07386363636363637,113.19514088608409,-0.0,-0.0
255404,2019-07-31,6:10,Sign Up For A Tote Account Irish EBF Mares Handicap Hurdle,Lucky Phil,14/1,11,3:53.75,0.0,-0.07142857142857142,113.19514088608409,-0.0,-0.0
255405,2019-07-31,6:10,Sign Up For A Tote Account Irish EBF Mares Handicap Hurdle,Dandjira,12/1,12,3:54.15,0.0,-0.08333333333333333,113.19514088608409,-0.0,-0.0
255406,2019-07-31,6:10,Sign Up For A Tote Account Irish EBF Mares Handicap Hurdle,Walking In Memphis,6/1F,13,3:54.55,0.0,-0.16666666666666666,113.19514088608409,-0.0,-0.0
255407,2019-07-31,6:10,Sign Up For A Tote Account Irish EBF Mares Handicap Hurdle,Stormy Tale,33/1,14,3:55.10,0.0,-0.030303030303030304,113.19514088608409,-0.0,-0.0
255408,2019-07-31,6:10,Sign Up For A Tote Account Irish EBF Mares Handicap Hurdle,Something Sweet,16/1,15,3:55.40,0.0,-0.0625,113.19514088608409,-0.0,-0.0
255409,2019-07-31,6:10,Sign Up For A Tote Account Irish EBF Mares Handicap Hurdle,So Lonely,9/1,16,3:55.50,0.0,-0.1111111111111111,113.19514088608409,-0.0,-0.0
255410,2019-07-31,6:10,Sign Up For A Tote Account Irish EBF Mares Handicap Hurdle,Beat Of The Sea,33/1,17,3:57.10,0.0,-0.030303030303030304,113.19514088608409,-0.0,-0.0
255411,2019-07-31,6:10,Sign Up For A Tote Account Irish EBF Mares Handicap Hurdle,Miss Sassie,10/1,18,3:57.60,0.0,-0.1,113.19514088608409,-0.0,-0.0
255412,2019-07-31,6:10,Sign Up For A Tote Account Irish EBF Mares Handicap Hurdle,Gotthenod,25/1,19,4:1.40,0.0,-0.04,113.19514088608409,-0.0,-0.0
255395,2019-07-31,6:10,Sign Up For A Tote Account Irish EBF Mares Handicap Hurdle,Iamastartoo,14/1,2,3:52.00,0.3333333333333333,0.28571428571428564,113.19514088608409,16.170734412297723,0.0
255396,2019-07-31,6:10,Sign Up For A Tote Account Irish EBF Mares Handicap Hurdle,Like An Open Book,11/1,3,3:52.35,0.1111111111111111,0.030303030303030297,113.19514088608409,1.715077892213395,0.0
255397,2019-07-31,6:10,Sign Up For A Tote Account Irish EBF Mares Handicap Hurdle,Ena Baie,8/1,4,3:52.70,0.07692307692307693,-0.038461538461538464,113.19514088608409,-0.0,-0.0
255398,2019-07-31,6:10,Sign Up For A Tote Account Irish EBF Mares Handicap Hurdle,Pivotal Flame,20/1,5,3:52.75,0.045454545454545456,-0.002272727272727271,113.19514088608409,-0.0,-0.0
255399,2019-07-31,6:10,Sign Up For A Tote Account Irish EBF Mares Handicap Hurdle,Dolly Dancer,11/1,6,3:52.85,0.045454545454545456,-0.04132231404958678,113.19514088608409,-0.0,-0.0
255400,2019-07-31,6:10,Sign Up For A Tote Account Irish EBF Mares Handicap Hurdle,Touch Of Gold,33/1,7,3:53.00,0.0,-0.030303030303030304,113.19514088608409,-0.0,-0.0
255401,2019-07-31,6:10,Sign Up For A Tote Account Irish EBF Mares Handicap Hurdle,Sand Fly,33/1,8,3:53.20,0.0,-0.030303030303030304,113.19514088608409,-0.0,-0.0
255402,2019-07-31,6:10,Sign Up For A Tote Account Irish EBF Mares Handicap Hurdle,The Last Indian,14/1,9,3:53.50,0.045454545454545456,-0.02272727272727273,113.19514088608409,-0.0,-0.0
255413,2019-07-31,6:10,Sign Up For A Tote Account Irish EBF Mares Handicap Hurdle,Ballydunblaze,20/1,F,,0.0,-0.05,113.19514088608409,-0.0,-0.0
255844,2019-07-31,7:20,thetote.com Galway Plate (Handicap Chase),Borice,9/1,1,5:24.00,0.24324324324324326,0.15915915915915918,190.1485006753191,15.131937741429299,151.319377414293
255853,2019-07-31,7:20,thetote.com Galway Plate (Handicap Chase),Valseur Lido,33/1,10,5:27.35,0.0,-0.030303030303030304,190.1485006753191,-0.0,-0.0
255854,2019-07-31,7:20,thetote.com Galway Plate (Handicap Chase),Auvergnat,25/1,11,5:27.45,0.0,-0.04,190.1485006753191,-0.0,-0.0
255855,2019-07-31,7:20,thetote.com Galway Plate (Handicap Chase),Azzuri,16/1,12,5:28.55,0.0,-0.0625,190.1485006753191,-0.0,-0.0
255856,2019-07-31,7:20,thetote.com Galway Plate (Handicap Chase),A Toi Phil,33/1,13,5:31.35,0.0,-0.030303030303030304,190.1485006753191,-0.0,-0.0
255857,2019-07-31,7:20,thetote.com Galway Plate (Handicap Chase),Barra,14/1,14,5:31.70,0.0,-0.07142857142857142,190.1485006753191,-0.0,-0.0
255858,2019-07-31,7:20,thetote.com Galway Plate (Handicap Chase),Pylonthepressure,9/1,15,5:33.90,0.0,-0.1111111111111111,190.1485006753191,-0.0,-0.0
255859,2019-07-31,7:20,thetote.com Galway Plate (Handicap Chase),Crosshue Boy,50/1,16,5:37.70,0.0,-0.02,190.1485006753191,-0.0,-0.0
255860,2019-07-31,7:20,thetote.com Galway Plate (Handicap Chase),Regal Encore,33/1,17,5:39.10,0.0,-0.030303030303030304,190.1485006753191,-0.0,-0.0
255861,2019-07-31,7:20,thetote.com Galway Plate (Handicap Chase),The West's Awake,25/1,18,5:45.10,0.0,-0.04,190.1485006753191,-0.0,-0.0
255845,2019-07-31,7:20,thetote.com Galway Plate (Handicap Chase),Black Corton,12/1,2,5:24.65,0.07692307692307693,0.0,190.1485006753191,0.0,0.0
255846,2019-07-31,7:20,thetote.com Galway Plate (Handicap Chase),Snugsborough Benny,8/1J,3,5:24.70,0.47619047619047616,0.4107142857142857,190.1485006753191,39.048352817253026,0.0
255847,2019-07-31,7:20,thetote.com Galway Plate (Handicap Chase),Peregrine Run,14/1,4,5:24.80,0.045454545454545456,-0.02272727272727273,190.1485006753191,-0.0,-0.0
255848,2019-07-31,7:20,thetote.com Galway Plate (Handicap Chase),Ravenhill,20/1,5,5:26.10,0.0,-0.05,190.1485006753191,-0.0,-0.0
255849,2019-07-31,7:20,thetote.com Galway Plate (Handicap Chase),Modus,20/1,6,5:26.15,0.0,-0.05,190.1485006753191,-0.0,-0.0
255850,2019-07-31,7:20,thetote.com Galway Plate (Handicap Chase),Pravalaguna,12/1,7,5:26.40,0.0,-0.08333333333333333,190.1485006753191,-0.0,-0.0
255851,2019-07-31,7:20,thetote.com Galway Plate (Handicap Chase),Coney Island,12/1,8,5:26.45,0.045454545454545456,-0.034090909090909095,190.1485006753191,-0.0,-0.0
255852,2019-07-31,7:20,thetote.com Galway Plate (Handicap Chase),Mengli Khan,12/1,9,5:26.65,0.0,-0.08333333333333333,190.1485006753191,-0.0,-0.0
255862,2019-07-31,7:20,thetote.com Galway Plate (Handicap Chase),Movewiththetimes,8/1J,F,,0.0,-0.125,190.1485006753191,-0.0,-0.0
255863,2019-07-31,7:20,thetote.com Galway Plate (Handicap Chase),Heron Heights,25/1,PU,,0.0,-0.04,190.1485006753191,-0.0,-0.0
255864,2019-07-31,7:20,thetote.com Galway Plate (Handicap Chase),Yorkhill,14/1,UR,,0.0,-0.07142857142857142,190.1485006753191,-0.0,-0.0
255865,2019-07-31,7:20,thetote.com Galway Plate (Handicap Chase),Poker Party,12/1,UR,,0.0,-0.08333333333333333,190.1485006753191,-0.0,-0.0
264631,2019-08-01,2:00,Guinness Beginners Chase,Dandy Mag,9/2,1,5:35.40,0.24324324324324326,0.0750750750750751,287.2875875309298,10.784068601010881,59.31237730555985
264632,2019-08-01,2:00,Guinness Beginners Chase,Early Doors,EvensF,2,5:35.90,0.24324324324324326,-0.5135135135135136,287.2875875309298,-0.0,-0.0
264633,2019-08-01,2:00,Guinness Beginners Chase,From Eden,7/1,3,5:36.05,0.045454545454545456,-0.09090909090909093,287.2875875309298,-0.0,-0.0
264634,2019-08-01,2:00,Guinness Beginners Chase,Minella Times,8/1,4,5:36.95,0.24324324324324326,0.14864864864864866,287.2875875309298,21.35245583000154,0.0
264635,2019-08-01,2:00,Guinness Beginners Chase,High Sparrow,6/1,5,5:40.15,0.045454545454545456,-0.11363636363636365,287.2875875309298,-0.0,-0.0
264636,2019-08-01,2:00,Guinness Beginners Chase,Dorans River,11/1,6,5:40.30,0.0,-0.09090909090909091,287.2875875309298,-0.0,-0.0
264637,2019-08-01,2:00,Guinness Beginners Chase,The Mulcare Rover,66/1,7,5:51.10,0.0,-0.015151515151515152,287.2875875309298,-0.0,-0.0
265196,2019-08-01,2:35,Guinness Open Gate Brewery Novice Chase,Wicklow Brave,EvensF,1,4:26.20,0.24324324324324326,-0.5135135135135136,314.46344040547723,-0.0,-0.0
265197,2019-08-01,2:35,Guinness Open Gate Brewery Novice Chase,Jan Maat,7/1,2,4:27.40,0.045454545454545456,-0.09090909090909093,314.46344040547723,-0.0,-0.0
265198,2019-08-01,2:35,Guinness Open Gate Brewery Novice Chase,Make My Heart Fly,18/1,3,4:28.30,0.0,-0.05555555555555555,314.46344040547723,-0.0,-0.0
265199,2019-08-01,2:35,Guinness Open Gate Brewery Novice Chase,Cool Colonnade,12/1,4,4:29.30,0.0,-0.08333333333333333,314.46344040547723,-0.0,-0.0
265200,2019-08-01,2:35,Guinness Open Gate Brewery Novice Chase,Paddy Buns,66/1,5,4:32.10,0.0,-0.015151515151515152,314.46344040547723,-0.0,-0.0
265201,2019-08-01,2:35,Guinness Open Gate Brewery Novice Chase,Robin De Carlow,7/4,PU,,0.0,-0.5714285714285714,314.46344040547723,-0.0,-0.0
264871,2019-08-01,4:20,Guinness Novice Hurdle,Foveros,3/1,1,4:52.40,0.47619047619047616,0.3015873015873015,314.46344040547723,47.41909021987354,189.67636087949415
264872,2019-08-01,4:20,Guinness Novice Hurdle,Little Nugget,10/1,2,4:52.50,0.0,-0.1,314.46344040547723,-0.0,-0.0
264873,2019-08-01,4:20,Guinness Novice Hurdle,Macgiloney,14/1,3,4:52.80,0.045454545454545456,-0.02272727272727273,314.46344040547723,-0.0,-0.0
264874,2019-08-01,4:20,Guinness Novice Hurdle,Doctor Duffy,6/5F,4,4:52.85,0.07692307692307693,-0.6923076923076923,314.46344040547723,-0.0,-0.0
264875,2019-08-01,4:20,Guinness Novice Hurdle,Popong,6/1,5,4:53.95,0.07692307692307693,-0.07692307692307693,314.46344040547723,-0.0,-0.0
264876,2019-08-01,4:20,Guinness Novice Hurdle,Ash Hill,6/1,6,4:56.15,0.0,-0.16666666666666666,314.46344040547723,-0.0,-0.0
256489,2019-08-01,4:55,Guinness Galway Hurdle Handicap,Tudor City,10/1,1,3:40.20,0.24324324324324326,0.16756756756756758,456.7207110650978,38.26578930545414,420.92368235999555
256498,2019-08-01,4:55,Guinness Galway Hurdle Handicap,Pearl Of The West,33/1,10,3:42.15,0.0,-0.030303030303030304,456.7207110650978,-0.0,-0.0
256499,2019-08-01,4:55,Guinness Galway Hurdle Handicap,Play The Game,25/1,11,3:42.25,0.0,-0.04,456.7207110650978,-0.0,-0.0
256500,2019-08-01,4:55,Guinness Galway Hurdle Handicap,Ejayteekay,33/1,12,3:42.30,0.0,-0.030303030303030304,456.7207110650978,-0.0,-0.0
256501,2019-08-01,4:55,Guinness Galway Hurdle Handicap,Ming Dynasty,20/1,13,3:43.25,0.0,-0.05,456.7207110650978,-0.0,-0.0
256502,2019-08-01,4:55,Guinness Galway Hurdle Handicap,Gardens Of Babylon,8/1,14,3:43.60,0.0,-0.125,456.7207110650978,-0.0,-0.0
256503,2019-08-01,4:55,Guinness Galway Hurdle Handicap,Riven Light,7/1,15,3:44.10,0.0,-0.14285714285714285,456.7207110650978,-0.0,-0.0
256504,2019-08-01,4:55,Guinness Galway Hurdle Handicap,Tombstone,33/1,16,3:44.50,0.0,-0.030303030303030304,456.7207110650978,-0.0,-0.0
256490,2019-08-01,4:55,Guinness Galway Hurdle Handicap,Due Reward,33/1,2,3:40.30,0.1111111111111111,0.08417508417508417,456.7207110650978,19.22225214920445,0.0
256491,2019-08-01,4:55,Guinness Galway Hurdle Handicap,Band Of Outlaws,9/2J,3,3:40.45,0.24324324324324326,0.0750750750750751,456.7207110650978,17.14417083577695,0.0
256492,2019-08-01,4:55,Guinness Galway Hurdle Handicap,Davids Charm,12/1,4,3:41.10,0.045454545454545456,-0.034090909090909095,456.7207110650978,-0.0,-0.0
256493,2019-08-01,4:55,Guinness Galway Hurdle Handicap,Sole Pretender,11/1,5,3:41.10,0.1111111111111111,0.030303030303030297,456.7207110650978,6.920010773713602,0.0
256494,2019-08-01,4:55,Guinness Galway Hurdle Handicap,Hearts Are Trumps,25/1,6,3:41.25,0.0,-0.04,456.7207110650978,-0.0,-0.0
256495,2019-08-01,4:55,Guinness Galway Hurdle Handicap,Shanning,9/2J,7,3:41.35,0.0,-0.2222222222222222,456.7207110650978,-0.0,-0.0
256496,2019-08-01,4:55,Guinness Galway Hurdle Handicap,Golden Spear,25/1,8,3:41.40,0.0,-0.04,456.7207110650978,-0.0,-0.0
256497,2019-08-01,4:55,Guinness Galway Hurdle Handicap,Stratum,10/1,9,3:41.85,0.045454545454545456,-0.05,456.7207110650978,-0.0,-0.0
256505,2019-08-01,4:55,Guinness Galway Hurdle Handicap,Sayo,28/1,PU,,0.0,-0.03571428571428571,456.7207110650978,-0.0,-0.0
256506,2019-08-01,4:55,Guinness Galway Hurdle Handicap,Chosen Mate,9/1,PU,,0.0,-0.1111111111111111,456.7207110650978,-0.0,-0.0
258767,2019-08-01,5:59,Guinness Time INH Flat Race,All Those Years,4/7F,1,4:9.70,0.6923076923076923,0.1524966261808367,796.0921703609442,60.70068505451194,95.30007553558376
258768,2019-08-01,5:59,Guinness Time INH Flat Race,Tudors Glory,9/1,2,4:10.45,0.0,-0.1111111111111111,796.0921703609442,-0.0,-0.0
258769,2019-08-01,5:59,Guinness Time INH Flat Race,Stowaway Sarah,10/1,3,4:10.85,0.0,-0.1,796.0921703609442,-0.0,-0.0
258770,2019-08-01,5:59,Guinness Time INH Flat Race,Shanwalla,20/1,4,4:10.85,0.0,-0.05,796.0921703609442,-0.0,-0.0
258771,2019-08-01,5:59,Guinness Time INH Flat Race,Valley Breeze,7/1,5,4:11.75,0.0,-0.14285714285714285,796.0921703609442,-0.0,-0.0
258772,2019-08-01,5:59,Guinness Time INH Flat Race,Bartleys Boy,50/1,6,4:12.30,0.0,-0.02,796.0921703609442,-0.0,-0.0
258773,2019-08-01,5:59,Guinness Time INH Flat Race,Mcquinn,16/1,7,4:15.50,0.0,-0.0625,796.0921703609442,-0.0,-0.0
258774,2019-08-01,5:59,Guinness Time INH Flat Race,Oscar Academy,33/1,8,4:23.90,0.0,-0.030303030303030304,796.0921703609442,-0.0,-0.0
258775,2019-08-01,5:59,Guinness Time INH Flat Race,Ballylig,9/2,9,4:24.35,0.0,-0.2222222222222222,796.0921703609442,-0.0,-0.0
260491,2019-08-02,5:10,Guinness Galway Tribes Handicap Hurdle,Lucky Icon,20/1,1,3:40.60,0.24324324324324326,0.2054054054054054,830.6915608420161,85.31426841080165,1791.5996366268346
260500,2019-08-02,5:10,Guinness Galway Tribes Handicap Hurdle,Stormey,10/1,10,3:43.65,0.0,-0.1,830.6915608420161,-0.0,-0.0
260501,2019-08-02,5:10,Guinness Galway Tribes Handicap Hurdle,St Stephens Green,7/1,11,3:49.65,0.0,-0.14285714285714285,830.6915608420161,-0.0,-0.0
260492,2019-08-02,5:10,Guinness Galway Tribes Handicap Hurdle,Lever Du Soleil,9/2,2,3:41.30,0.07692307692307693,-0.12820512820512822,830.6915608420161,-0.0,-0.0
260493,2019-08-02,5:10,Guinness Galway Tribes Handicap Hurdle,Wait Here,16/1,3,3:42.40,0.0,-0.0625,830.6915608420161,-0.0,-0.0
260494,2019-08-02,5:10,Guinness Galway Tribes Handicap Hurdle,Star Maker,10/1,4,3:42.45,0.0,-0.1,830.6915608420161,-0.0,-0.0
260495,2019-08-02,5:10,Guinness Galway Tribes Handicap Hurdle,Avenir D'Une Vie,14/1,5,3:42.45,0.045454545454545456,-0.02272727272727273,830.6915608420161,-0.0,-0.0
260496,2019-08-02,5:10,Guinness Galway Tribes Handicap Hurdle,Orgilgo Bay,66/1,6,3:43.00,0.0,-0.015151515151515152,830.6915608420161,-0.0,-0.0
260497,2019-08-02,5:10,Guinness Galway Tribes Handicap Hurdle,Humaniste,25/1,7,3:43.40,0.0,-0.04,830.6915608420161,-0.0,-0.0
260498,2019-08-02,5:10,Guinness Galway Tribes Handicap Hurdle,Grapevine,14/1,8,3:43.55,0.0,-0.07142857142857142,830.6915608420161,-0.0,-0.0
260499,2019-08-02,5:10,Guinness Galway Tribes Handicap Hurdle,Light That,20/1,9,3:43.60,0.0,-0.05,830.6915608420161,-0.0,-0.0
260502,2019-08-02,5:10,Guinness Galway Tribes Handicap Hurdle,Whatsinthecorner,10/1,BD,,0.0,-0.1,830.6915608420161,-0.0,-0.0
260503,2019-08-02,5:10,Guinness Galway Tribes Handicap Hurdle,Kerosin,11/1,F,,0.0,-0.09090909090909091,830.6915608420161,-0.0,-0.0
260504,2019-08-02,5:10,Guinness Galway Tribes Handicap Hurdle,Bercasa,3/1F,UR,,0.0,-0.3333333333333333,830.6915608420161,-0.0,-0.0
255679,2019-08-02,6:15,Guinness Galway Blazers Handicap Chase,Minella Beau,4/1F,1,5:29.00,0.045454545454545456,-0.19318181818181818,2536.976929058049,-0.0,-0.0
255688,2019-08-02,6:15,Guinness Galway Blazers Handicap Chase,Cecil Corbett,28/1,10,5:33.05,0.0,-0.03571428571428571,2536.976929058049,-0.0,-0.0
255689,2019-08-02,6:15,Guinness Galway Blazers Handicap Chase,Ocean Glandore,16/1,11,5:35.85,0.0,-0.0625,2536.976929058049,-0.0,-0.0
255690,2019-08-02,6:15,Guinness Galway Blazers Handicap Chase,Ned Stark,8/1,12,5:46.25,0.0,-0.125,2536.976929058049,-0.0,-0.0
255691,2019-08-02,6:15,Guinness Galway Blazers Handicap Chase,Mill Quest,25/1,13,5:51.45,0.0,-0.04,2536.976929058049,-0.0,-0.0
255680,2019-08-02,6:15,Guinness Galway Blazers Handicap Chase,Icantsay,20/1,2,5:29.10,0.24324324324324326,0.2054054054054054,2536.976929058049,260.55438730866445,0.0
255681,2019-08-02,6:15,Guinness Galway Blazers Handicap Chase,Mine Now,12/1,3,5:29.50,0.0,-0.08333333333333333,2536.976929058049,-0.0,-0.0
255682,2019-08-02,6:15,Guinness Galway Blazers Handicap Chase,Tesseract,5/1,4,5:29.75,0.24324324324324326,0.09189189189189188,2536.976929058049,116.56380484861305,0.0
255683,2019-08-02,6:15,Guinness Galway Blazers Handicap Chase,Top Of The Charts,5/1,5,5:29.80,0.2,0.039999999999999994,2536.976929058049,50.73953858116097,0.0
255684,2019-08-02,6:15,Guinness Galway Blazers Handicap Chase,Treasure Chest,8/1,6,5:30.65,0.0,-0.125,2536.976929058049,-0.0,-0.0
255685,2019-08-02,6:15,Guinness Galway Blazers Handicap Chase,Hash Brown,12/1,7,5:30.70,0.0,-0.08333333333333333,2536.976929058049,-0.0,-0.0
255686,2019-08-02,6:15,Guinness Galway Blazers Handicap Chase,Supreme Vinnie,22/1,8,5:32.00,0.0,-0.045454545454545456,2536.976929058049,-0.0,-0.0
255687,2019-08-02,6:15,Guinness Galway Blazers Handicap Chase,Mac N Cheese,6/1,9,5:32.55,0.0,-0.16666666666666666,2536.976929058049,-0.0,-0.0
255692,2019-08-02,6:15,Guinness Galway Blazers Handicap Chase,Swingbridge,25/1,F,,0.0,-0.04,2536.976929058049,-0.0,-0.0
255693,2019-08-02,6:15,Guinness Galway Blazers Handicap Chase,Aranhill Chief,20/1,PU,,0.0,-0.05,2536.976929058049,-0.0,-0.0
255694,2019-08-02,6:15,Guinness Galway Blazers Handicap Chase,Lilshane,33/1,UR,,0.0,-0.030303030303030304,2536.976929058049,-0.0,-0.0
256916,2019-08-03,2:00,O'Leary Insurances Maiden Hurdle,Mr Everest,6/4J,1,3:56.80,0.47619047619047616,0.1269841269841269,2109.1191983196104,133.91233005203867,334.7808251300967
256925,2019-08-03,2:00,O'Leary Insurances Maiden Hurdle,Stealth,100/1,10,4:5.95,0.0,-0.01,2109.1191983196104,-0.0,-0.0
256926,2019-08-03,2:00,O'Leary Insurances Maiden Hurdle,Serefeli,50/1,11,4:7.45,0.0,-0.02,2109.1191983196104,-0.0,-0.0
256927,2019-08-03,2:00,O'Leary Insurances Maiden Hurdle,Rockford Cave,100/1,12,4:7.65,0.0,-0.01,2109.1191983196104,-0.0,-0.0
256928,2019-08-03,2:00,O'Leary Insurances Maiden Hurdle,Flooring Porter,66/1,13,4:7.80,0.0,-0.015151515151515152,2109.1191983196104,-0.0,-0.0
256929,2019-08-03,2:00,O'Leary Insurances Maiden Hurdle,Utalkintomeboy,100/1,14,4:7.90,0.0,-0.01,2109.1191983196104,-0.0,-0.0
256930,2019-08-03,2:00,O'Leary Insurances Maiden Hurdle,Bridget Cottage,66/1,15,4:8.20,0.0,-0.015151515151515152,2109.1191983196104,-0.0,-0.0
256931,2019-08-03,2:00,O'Leary Insurances Maiden Hurdle,Spittal Field,100/1,16,4:9.30,0.0,-0.01,2109.1191983196104,-0.0,-0.0
256932,2019-08-03,2:00,O'Leary Insurances Maiden Hurdle,Mick Mixy,100/1,17,4:9.35,0.0,-0.01,2109.1191983196104,-0.0,-0.0
256933,2019-08-03,2:00,O'Leary Insurances Maiden Hurdle,Rightplacerightime,100/1,18,4:9.80,0.0,-0.01,2109.1191983196104,-0.0,-0.0
256917,2019-08-03,2:00,O'Leary Insurances Maiden Hurdle,Estelle Ma Belle,6/4J,2,3:57.60,0.47619047619047616,0.1269841269841269,2109.1191983196104,133.91233005203867,0.0
256918,2019-08-03,2:00,O'Leary Insurances Maiden Hurdle,Born By The Sea,8/1,3,3:58.30,0.24324324324324326,0.14864864864864866,2109.1191983196104,156.75885933456564,0.0
256919,2019-08-03,2:00,O'Leary Insurances Maiden Hurdle,Jon Ess,25/1,4,3:59.60,0.0,-0.04,2109.1191983196104,-0.0,-0.0
256920,2019-08-03,2:00,O'Leary Insurances Maiden Hurdle,Scardura,66/1,5,4:0.50,0.045454545454545456,0.030991735537190084,2109.1191983196104,32.68263220536586,0.0
256921,2019-08-03,2:00,O'Leary Insurances Maiden Hurdle,Mooltazem,33/1,6,4:2.90,0.0,-0.030303030303030304,2109.1191983196104,-0.0,-0.0
256922,2019-08-03,2:00,O'Leary Insurances Maiden Hurdle,Botani,5/1,7,4:3.40,0.0,-0.2,2109.1191983196104,-0.0,-0.0
256923,2019-08-03,2:00,O'Leary Insurances Maiden Hurdle,Nasee,50/1,8,4:5.00,0.0,-0.02,2109.1191983196104,-0.0,-0.0
256924,2019-08-03,2:00,O'Leary Insurances Maiden Hurdle,Brawler,18/1,9,4:5.70,0.0,-0.05555555555555555,2109.1191983196104,-0.0,-0.0
256440,2019-08-03,2:30,Galway Shopping Centre Handicap Hurdle,Great Trango,12/1,1,5:30.20,0.24324324324324326,0.1801801801801802,1986.6338718056982,178.97602448699985,2326.688318330998
256449,2019-08-03,2:30,Galway Shopping Centre Handicap Hurdle,De Name Escapes Me,20/1,10,5:34.95,0.0,-0.05,1986.6338718056982,-0.0,-0.0
256450,2019-08-03,2:30,Galway Shopping Centre Handicap Hurdle,Cosmo's Moon,12/1,11,5:37.35,0.0,-0.08333333333333333,1986.6338718056982,-0.0,-0.0
256451,2019-08-03,2:30,Galway Shopping Centre Handicap Hurdle,Didtheyleaveuoutto,12/1,12,5:37.75,0.0,-0.08333333333333333,1986.6338718056982,-0.0,-0.0
256452,2019-08-03,2:30,Galway Shopping Centre Handicap Hurdle,Contingency,12/1,13,5:38.10,0.0,-0.08333333333333333,1986.6338718056982,-0.0,-0.0
256453,2019-08-03,2:30,Galway Shopping Centre Handicap Hurdle,Eclat Des Mottes,7/1,14,5:41.30,0.0,-0.14285714285714285,1986.6338718056982,-0.0,-0.0
256454,2019-08-03,2:30,Galway Shopping Centre Handicap Hurdle,Oscar Knight,25/1,15,5:41.35,0.0,-0.04,1986.6338718056982,-0.0,-0.0
256455,2019-08-03,2:30,Galway Shopping Centre Handicap Hurdle,Mitchouka,50/1,16,5:43.15,0.0,-0.02,1986.6338718056982,-0.0,-0.0
256456,2019-08-03,2:30,Galway Shopping Centre Handicap Hurdle,Ivanovich Gorbatov,33/1,17,5:43.45,0.0,-0.030303030303030304,1986.6338718056982,-0.0,-0.0
256457,2019-08-03,2:30,Galway Shopping Centre Handicap Hurdle,Rashaan,22/1,18,5:49.85,0.0,-0.045454545454545456,1986.6338718056982,-0.0,-0.0
256441,2019-08-03,2:30,Galway Shopping Centre Handicap Hurdle,Ask Susan,7/1,2,5:30.50,0.1111111111111111,-0.01587301587301588,1986.6338718056982,-0.0,-0.0
256442,2019-08-03,2:30,Galway Shopping Centre Handicap Hurdle,Great White Shark,3/1F,3,5:31.40,0.24324324324324326,-0.009009009009008992,1986.6338718056982,-0.0,-0.0
256443,2019-08-03,2:30,Galway Shopping Centre Handicap Hurdle,Neverushacon,16/1,4,5:32.30,0.0,-0.0625,1986.6338718056982,-0.0,-0.0
256444,2019-08-03,2:30,Galway Shopping Centre Handicap Hurdle,The Red Menace,25/1,5,5:32.55,0.0,-0.04,1986.6338718056982,-0.0,-0.0
256445,2019-08-03,2:30,Galway Shopping Centre Handicap Hurdle,Maeve's Choice,22/1,6,5:32.60,0.0,-0.045454545454545456,1986.6338718056982,-0.0,-0.0
256446,2019-08-03,2:30,Galway Shopping Centre Handicap Hurdle,Project Bluebook,16/1,7,5:32.60,0.0,-0.0625,1986.6338718056982,-0.0,-0.0
256447,2019-08-03,2:30,Galway Shopping Centre Handicap Hurdle,Plinth,50/1,8,5:32.90,0.0,-0.02,1986.6338718056982,-0.0,-0.0
256448,2019-08-03,2:30,Galway Shopping Centre Handicap Hurdle,Spades Are Trumps,11/2,9,5:32.95,0.0,-0.18181818181818182,1986.6338718056982,-0.0,-0.0
257544,2019-08-03,5:55,Galway Shopping Centre Irish EBF INH Mares Flat Race,Majestic Maid,20/1,1,3:33.90,0.0,-0.05,4134.346165649697,-0.0,-0.0
257553,2019-08-03,5:55,Galway Shopping Centre Irish EBF INH Mares Flat Race,Costly Diamond,20/1,10,3:38.35,0.0,-0.05,4134.346165649697,-0.0,-0.0
257554,2019-08-03,5:55,Galway Shopping Centre Irish EBF INH Mares Flat Race,Zalika,16/1,11,3:39.10,0.0,-0.0625,4134.346165649697,-0.0,-0.0
257555,2019-08-03,5:55,Galway Shopping Centre Irish EBF INH Mares Flat Race,Fur Elise,14/1,12,3:39.65,0.0,-0.07142857142857142,4134.346165649697,-0.0,-0.0
257556,2019-08-03,5:55,Galway Shopping Centre Irish EBF INH Mares Flat Race,Lady Riposte,100/1,13,3:43.65,0.0,-0.01,4134.346165649697,-0.0,-0.0
257557,2019-08-03,5:55,Galway Shopping Centre Irish EBF INH Mares Flat Race,Karla Martina,12/1,14,3:43.90,0.0,-0.08333333333333333,4134.346165649697,-0.0,-0.0
257545,2019-08-03,5:55,Galway Shopping Centre Irish EBF INH Mares Flat Race,Dime A Dozen,8/1,2,3:34.15,0.045454545454545456,-0.07386363636363637,4134.346165649697,-0.0,-0.0
257546,2019-08-03,5:55,Galway Shopping Centre Irish EBF INH Mares Flat Race,Skyace,6/4F,3,3:34.20,0.24324324324324326,-0.26126126126126126,4134.346165649697,-0.0,-0.0
257547,2019-08-03,5:55,Galway Shopping Centre Irish EBF INH Mares Flat Race,Bonarc,14/1,4,3:35.20,0.045454545454545456,-0.02272727272727273,4134.346165649697,-0.0,-0.0
257548,2019-08-03,5:55,Galway Shopping Centre Irish EBF INH Mares Flat Race,Blue Heather,7/1,5,3:36.40,0.0,-0.14285714285714285,4134.346165649697,-0.0,-0.0
257549,2019-08-03,5:55,Galway Shopping Centre Irish EBF INH Mares Flat Race,Howsthewoman,50/1,6,3:36.45,0.0,-0.02,4134.346165649697,-0.0,-0.0
257550,2019-08-03,5:55,Galway Shopping Centre Irish EBF INH Mares Flat Race,Springsteen's Girl,3/1,7,3:37.05,0.0,-0.3333333333333333,4134.346165649697,-0.0,-0.0
257551,2019-08-03,5:55,Galway Shopping Centre Irish EBF INH Mares Flat Race,Well Polly,80/1,8,3:37.30,0.0,-0.0125,4134.346165649697,-0.0,-0.0
257552,2019-08-03,5:55,Galway Shopping Centre Irish EBF INH Mares Flat Race,Tina's Girl,33/1,9,3:37.35,0.0,-0.030303030303030304,4134.346165649697,-0.0,-0.0
254370,2019-08-04,2:15,Adare Manor Opportunity Handicap Hurdle,Ilikedwayurthinkin,5/6F,1,4:4.40,0.47619047619047616,-0.15490533562822717,4134.346165649697,-0.0,-0.0
254379,2019-08-04,2:15,Adare Manor Opportunity Handicap Hurdle,Broder,16/1,10,4:9.85,0.0,-0.0625,4134.346165649697,-0.0,-0.0
254380,2019-08-04,2:15,Adare Manor Opportunity Handicap Hurdle,Motcomb Street,50/1,11,4:10.10,0.0,-0.02,4134.346165649697,-0.0,-0.0
254381,2019-08-04,2:15,Adare Manor Opportunity Handicap Hurdle,Castlehume,25/1,12,4:10.15,0.0,-0.04,4134.346165649697,-0.0,-0.0
254382,2019-08-04,2:15,Adare Manor Opportunity Handicap Hurdle,Back To Bataan,50/1,13,4:10.60,0.0,-0.02,4134.346165649697,-0.0,-0.0
254383,2019-08-04,2:15,Adare Manor Opportunity Handicap Hurdle,Crafty Codger,66/1,14,4:10.60,0.0,-0.015151515151515152,4134.346165649697,-0.0,-0.0
254384,2019-08-04,2:15,Adare Manor Opportunity Handicap Hurdle,Rock On Seamie,20/1,15,4:10.65,0.0,-0.05,4134.346165649697,-0.0,-0.0
254385,2019-08-04,2:15,Adare Manor Opportunity Handicap Hurdle,Mr Jacaranda,16/1,16,4:13.65,0.0,-0.0625,4134.346165649697,-0.0,-0.0
254386,2019-08-04,2:15,Adare Manor Opportunity Handicap Hurdle,Our Brian,40/1,17,4:16.05,0.0,-0.025,4134.346165649697,-0.0,-0.0
254387,2019-08-04,2:15,Adare Manor Opportunity Handicap Hurdle,Shannon Hill,33/1,18,4:25.45,0.0,-0.030303030303030304,4134.346165649697,-0.0,-0.0
254371,2019-08-04,2:15,Adare Manor Opportunity Handicap Hurdle,Dumhach Thra,10/1,2,4:5.40,0.0,-0.1,4134.346165649697,-0.0,-0.0
254372,2019-08-04,2:15,Adare Manor Opportunity Handicap Hurdle,De Mazzaro,33/1,3,4:6.00,0.0,-0.030303030303030304,4134.346165649697,-0.0,-0.0
254373,2019-08-04,2:15,Adare Manor Opportunity Handicap Hurdle,Ashqar,7/1,4,4:6.25,0.0,-0.14285714285714285,4134.346165649697,-0.0,-0.0
254374,2019-08-04,2:15,Adare Manor Opportunity Handicap Hurdle,Dalton Highway,4/1,5,4:7.20,0.0,-0.25,4134.346165649697,-0.0,-0.0
254375,2019-08-04,2:15,Adare Manor Opportunity Handicap Hurdle,Imperial Choice,33/1,6,4:8.40,0.0,-0.030303030303030304,4134.346165649697,-0.0,-0.0
254376,2019-08-04,2:15,Adare Manor Opportunity Handicap Hurdle,Peacocks Secret,25/1,7,4:8.85,0.0,-0.04,4134.346165649697,-0.0,-0.0
254377,2019-08-04,2:15,Adare Manor Opportunity Handicap Hurdle,Antimatter,50/1,8,4:8.95,0.0,-0.02,4134.346165649697,-0.0,-0.0
254378,2019-08-04,2:15,Adare Manor Opportunity Handicap Hurdle,Charle Brune,10/1,9,4:9.75,0.0,-0.1,4134.346165649697,-0.0,-0.0
254388,2019-08-04,2:15,Adare Manor Opportunity Handicap Hurdle,Paddy Buns,50/1,PU,,0.0,-0.02,4134.346165649697,-0.0,-0.0
254827,2019-08-04,2:45,Kenny Galway Handicap Hurdle,Mr Smith,8/1,1,6:10.50,0.6923076923076923,0.6538461538461539,4134.346165649697,1351.613169539324,12164.518525853915
254836,2019-08-04,2:45,Kenny Galway Handicap Hurdle,Young Dev,16/1,10,6:19.80,0.0,-0.0625,4134.346165649697,-0.0,-0.0
254837,2019-08-04,2:45,Kenny Galway Handicap Hurdle,Brogine,14/1,11,6:22.00,0.0,-0.07142857142857142,4134.346165649697,-0.0,-0.0
254838,2019-08-04,2:45,Kenny Galway Handicap Hurdle,Suinda,10/1,12,6:22.40,0.0,-0.1,4134.346165649697,-0.0,-0.0
254839,2019-08-04,2:45,Kenny Galway Handicap Hurdle,Monbeg Chit Chat,33/1,13,6:41.00,0.0,-0.030303030303030304,4134.346165649697,-0.0,-0.0
254828,2019-08-04,2:45,Kenny Galway Handicap Hurdle,Goodnightngodbless,6/1,2,6:12.50,0.24324324324324326,0.11711711711711714,4134.346165649697,242.10135204254985,0.0
254829,2019-08-04,2:45,Kenny Galway Handicap Hurdle,Chess Grand Master,10/1,3,6:12.55,0.045454545454545456,-0.05,4134.346165649697,-0.0,-0.0
254830,2019-08-04,2:45,Kenny Galway Handicap Hurdle,Kilkishen,16/1,4,6:12.85,0.045454545454545456,-0.014204545454545456,4134.346165649697,-0.0,-0.0
254831,2019-08-04,2:45,Kenny Galway Handicap Hurdle,Bye Bye O Bye,10/1,5,6:13.95,0.0,-0.1,4134.346165649697,-0.0,-0.0
254832,2019-08-04,2:45,Kenny Galway Handicap Hurdle,Spring Watch,16/1,6,6:14.05,0.0,-0.0625,4134.346165649697,-0.0,-0.0
254833,2019-08-04,2:45,Kenny Galway Handicap Hurdle,Helly Hansum,33/1,7,6:14.70,0.0,-0.030303030303030304,4134.346165649697,-0.0,-0.0
254834,2019-08-04,2:45,Kenny Galway Handicap Hurdle,Dawn Raider,8/1,8,6:14.90,0.045454545454545456,-0.07386363636363637,4134.346165649697,-0.0,-0.0
254835,2019-08-04,2:45,Kenny Galway Handicap Hurdle,Ballyegan Hero,16/1,9,6:17.90,0.0,-0.0625,4134.346165649697,-0.0,-0.0
254840,2019-08-04,2:45,Kenny Galway Handicap Hurdle,Oh'herewego,50/1,PU,,0.0,-0.02,4134.346165649697,-0.0,-0.0
254841,2019-08-04,2:45,Kenny Galway Handicap Hurdle,Blottos,28/1,PU,,0.0,-0.03571428571428571,4134.346165649697,-0.0,-0.0
254842,2019-08-04,2:45,Kenny Galway Handicap Hurdle,Rovetta,11/2F,PU,,0.0,-0.18181818181818182,4134.346165649697,-0.0,-0.0
254843,2019-08-04,2:45,Kenny Galway Handicap Hurdle,Kilbarry Lilly,16/1,PU,,0.0,-0.0625,4134.346165649697,-0.0,-0.0
254844,2019-08-04,2:45,Kenny Galway Handicap Hurdle,An Fearchan,20/1,PU,,0.0,-0.05,4134.346165649697,-0.0,-0.0
254845,2019-08-04,2:45,Kenny Galway Handicap Hurdle,Poker D'ainay,7/1,PU,,0.0,-0.14285714285714285,4134.346165649697,-0.0,-0.0
264973,2019-08-04,4:30,Watch Racing TV Now Chase,Yorkhill,6/4F,1,5:46.70,0.1111111111111111,-0.48148148148148145,14705.150169921737,-0.0,-0.0
264974,2019-08-04,4:30,Watch Racing TV Now Chase,Some Neck,100/30,2,5:47.45,0.47619047619047616,0.3188903188903188,14705.150169921737,2344.6650135081845,0.0
264975,2019-08-04,4:30,Watch Racing TV Now Chase,Valseur Lido,5/1,3,5:47.95,0.33327526422964915,0.199930317075579,14705.150169921737,1470.0026680582287,0.0
264976,2019-08-04,4:30,Watch Racing TV Now Chase,A Toi Phil,11/2,4,5:49.57,0.045454545454545456,-0.12809917355371903,14705.150169921737,-0.0,-0.0
264977,2019-08-04,4:30,Watch Racing TV Now Chase,Cable,100/1,5,5:57.07,0.0,-0.01,14705.150169921737,-0.0,-0.0
264978,2019-08-04,4:30,Watch Racing TV Now Chase,Theinval,6/1,F,,0.0,-0.16666666666666666,14705.150169921737,-0.0,-0.0
264979,2019-08-04,4:30,Watch Racing TV Now Chase,Bletchley Castle,25/1,PU,,0.0,-0.04,14705.150169921737,-0.0,-0.0
257924,2019-08-04,5:00,Lord Hemphill Memorial Handicap Chase,All The Answers,11/4F,1,4:41.10,0.6923076923076923,0.5804195804195804,10890.482488355323,3160.5246382289924,11851.967393358722
257933,2019-08-04,5:00,Lord Hemphill Memorial Handicap Chase,Nearly Nama'd,25/1,10,4:56.16,0.0,-0.04,10890.482488355323,-0.0,-0.0
257934,2019-08-04,5:00,Lord Hemphill Memorial Handicap Chase,Reach Up,9/1,11,4:56.66,0.0,-0.1111111111111111,10890.482488355323,-0.0,-0.0
257935,2019-08-04,5:00,Lord Hemphill Memorial Handicap Chase,Carrig Cathal,16/1,12,4:56.66,0.0,-0.0625,10890.482488355323,-0.0,-0.0
257925,2019-08-04,5:00,Lord Hemphill Memorial Handicap Chase,Lucky Pat,10/1,2,4:42.60,0.045454545454545456,-0.05,10890.482488355323,-0.0,-0.0
257926,2019-08-04,5:00,Lord Hemphill Memorial Handicap Chase,Rock The World,16/1,3,4:43.66,0.045454545454545456,-0.014204545454545456,10890.482488355323,-0.0,-0.0
257927,2019-08-04,5:00,Lord Hemphill Memorial Handicap Chase,Draycott Place,16/1,4,4:46.04,0.0,-0.0625,10890.482488355323,-0.0,-0.0
257928,2019-08-04,5:00,Lord Hemphill Memorial Handicap Chase,Powersbomb,10/1,5,4:51.29,0.0,-0.1,10890.482488355323,-0.0,-0.0
257929,2019-08-04,5:00,Lord Hemphill Memorial Handicap Chase,Lake Takapuna,7/2,6,4:51.73,0.0,-0.2857142857142857,10890.482488355323,-0.0,-0.0
257930,2019-08-04,5:00,Lord Hemphill Memorial Handicap Chase,Mighty Stowaway,12/1,7,4:52.10,0.0,-0.08333333333333333,10890.482488355323,-0.0,-0.0
257931,2019-08-04,5:00,Lord Hemphill Memorial Handicap Chase,Or Jaune De Somoza,7/1,8,4:54.35,0.0,-0.14285714285714285,10890.482488355323,-0.0,-0.0
257932,2019-08-04,5:00,Lord Hemphill Memorial Handicap Chase,Three Wise Men,11/1,9,4:54.98,0.0,-0.09090909090909091,10890.482488355323,-0.0,-0.0
257936,2019-08-04,5:00,Lord Hemphill Memorial Handicap Chase,Presenting Mahler,25/1,UR,,0.0,-0.04,10890.482488355323,-0.0,-0.0
261616,2019-08-04,6:00,Fr. Breen Memorial (Pro-Am) INH Flat Race,Rocket Lad,9/4,1,3:53.50,0.24324324324324326,-0.09309309309309308,19581.925243485053,-0.0,-0.0
261617,2019-08-04,6:00,Fr. Breen Memorial (Pro-Am) INH Flat Race,Blazing Emily,5/4F,2,3:53.88,0.24324324324324326,-0.3621621621621622,19581.925243485053,-0.0,-0.0
261618,2019-08-04,6:00,Fr. Breen Memorial (Pro-Am) INH Flat Race,Cabin Hill,10/1,3,3:54.69,0.045454545454545456,-0.05,19581.925243485053,-0.0,-0.0
261619,2019-08-04,6:00,Fr. Breen Memorial (Pro-Am) INH Flat Race,Jack Hackett,9/1,4,3:56.44,0.0,-0.1111111111111111,19581.925243485053,-0.0,-0.0
261620,2019-08-04,6:00,Fr. Breen Memorial (Pro-Am) INH Flat Race,Kingram Lady,33/1,5,3:58.44,0.0,-0.030303030303030304,19581.925243485053,-0.0,-0.0
261621,2019-08-04,6:00,Fr. Breen Memorial (Pro-Am) INH Flat Race,Bentham,9/2,6,3:59.62,0.0,-0.2222222222222222,19581.925243485053,-0.0,-0.0
261622,2019-08-04,6:00,Fr. Breen Memorial (Pro-Am) INH Flat Race,Gearoid,16/1,7,4:0.31,0.0,-0.0625,19581.925243485053,-0.0,-0.0
261623,2019-08-04,6:00,Fr. Breen Memorial (Pro-Am) INH Flat Race,Tico Times,50/1,8,4:1.81,0.0,-0.02,19581.925243485053,-0.0,-0.0
258286,2019-09-16,3:45,Kenny Developments Maiden Hurdle,Pakens Rock,5/2,1,4:2.90,0.6923076923076923,0.5692307692307692,19581.925243485053,5573.317184684207,19506.610146394723
258295,2019-09-16,3:45,Kenny Developments Maiden Hurdle,Fighting Fit,33/1,10,4:11.28,0.0,-0.030303030303030304,19581.925243485053,-0.0,-0.0
258296,2019-09-16,3:45,Kenny Developments Maiden Hurdle,Fair Minded,33/1,11,4:12.90,0.0,-0.030303030303030304,19581.925243485053,-0.0,-0.0
258297,2019-09-16,3:45,Kenny Developments Maiden Hurdle,Miss Tulpar,66/1,12,4:19.40,0.0,-0.015151515151515152,19581.925243485053,-0.0,-0.0
258298,2019-09-16,3:45,Kenny Developments Maiden Hurdle,Galros Jimmy,66/1,13,4:20.65,0.0,-0.015151515151515152,19581.925243485053,-0.0,-0.0
258299,2019-09-16,3:45,Kenny Developments Maiden Hurdle,Art Of America,25/1,14,4:21.52,0.0,-0.04,19581.925243485053,-0.0,-0.0
258300,2019-09-16,3:45,Kenny Developments Maiden Hurdle,Tribal Story,50/1,15,4:37.27,0.0,-0.02,19581.925243485053,-0.0,-0.0
258287,2019-09-16,3:45,Kenny Developments Maiden Hurdle,Mooltazem,12/1,2,4:3.15,0.1111111111111111,0.037037037037037035,19581.925243485053,362.6282452497232,0.0
258288,2019-09-16,3:45,Kenny Developments Maiden Hurdle,Whatwasthatabout,10/1,3,4:3.28,0.1111111111111111,0.022222222222222233,19581.925243485053,217.57694714983404,0.0
258289,2019-09-16,3:45,Kenny Developments Maiden Hurdle,Future Proof,5/6F,4,4:4.53,0.24324324324324326,-0.6685118853793552,19581.925243485053,-0.0,-0.0
258290,2019-09-16,3:45,Kenny Developments Maiden Hurdle,Walking Fame,14/1,5,4:7.53,0.0,-0.07142857142857142,19581.925243485053,-0.0,-0.0
258291,2019-09-16,3:45,Kenny Developments Maiden Hurdle,Bridget Cottage,50/1,6,4:7.96,0.0,-0.02,19581.925243485053,-0.0,-0.0
258292,2019-09-16,3:45,Kenny Developments Maiden Hurdle,Birdie Blitz,40/1,7,4:8.71,0.0,-0.025,19581.925243485053,-0.0,-0.0
258293,2019-09-16,3:45,Kenny Developments Maiden Hurdle,Here In The Dark,33/1,8,4:8.78,0.0,-0.030303030303030304,19581.925243485053,-0.0,-0.0
258294,2019-09-16,3:45,Kenny Developments Maiden Hurdle,Singirishmansing,66/1,9,4:9.28,0.0,-0.015151515151515152,19581.925243485053,-0.0,-0.0
263417,2019-09-16,4:15,It's Our 150th Birthday Claiming Hurdle,Falak,7/2,1,4:47.20,0.0,-0.2857142857142857,32935.013012796015,-0.0,-0.0
263426,2019-09-16,4:15,It's Our 150th Birthday Claiming Hurdle,Castlehume,8/1,10,4:59.01,0.0,-0.125,32935.013012796015,-0.0,-0.0
263427,2019-09-16,4:15,It's Our 150th Birthday Claiming Hurdle,Arizengo,25/1,11,5:5.51,0.0,-0.04,32935.013012796015,-0.0,-0.0
263418,2019-09-16,4:15,It's Our 150th Birthday Claiming Hurdle,My Manekineko,12/1,2,4:47.89,0.0,-0.08333333333333333,32935.013012796015,-0.0,-0.0
263419,2019-09-16,4:15,It's Our 150th Birthday Claiming Hurdle,Muroor,11/2,3,4:48.95,0.0,-0.18181818181818182,32935.013012796015,-0.0,-0.0
263420,2019-09-16,4:15,It's Our 150th Birthday Claiming Hurdle,Solar Heat,11/1,4,4:50.57,0.0,-0.09090909090909091,32935.013012796015,-0.0,-0.0
263421,2019-09-16,4:15,It's Our 150th Birthday Claiming Hurdle,Betterask JJ,14/1,5,4:51.45,0.0,-0.07142857142857142,32935.013012796015,-0.0,-0.0
263422,2019-09-16,4:15,It's Our 150th Birthday Claiming Hurdle,Licklighter,100/30F,6,4:52.45,0.0,-0.3003003003003003,32935.013012796015,-0.0,-0.0
263423,2019-09-16,4:15,It's Our 150th Birthday Claiming Hurdle,Viscount Wilson,8/1,7,4:52.51,0.0,-0.125,32935.013012796015,-0.0,-0.0
263424,2019-09-16,4:15,It's Our 150th Birthday Claiming Hurdle,Lough Sewdy,33/1,8,4:53.64,0.0,-0.030303030303030304,32935.013012796015,-0.0,-0.0
263425,2019-09-16,4:15,It's Our 150th Birthday Claiming Hurdle,Whatever It Takes,16/1,9,4:57.64,0.0,-0.0625,32935.013012796015,-0.0,-0.0
263428,2019-09-16,4:15,It's Our 150th Birthday Claiming Hurdle,Havelock,66/1,PU,,0.0,-0.015151515151515152,32935.013012796015,-0.0,-0.0
257533,2019-09-16,4:45,galwayraces.com Maiden Hurdle,Military Hill,6/1,1,5:31.30,0.07692307692307693,-0.07692307692307693,32935.013012796015,-0.0,-0.0
257542,2019-09-16,4:45,galwayraces.com Maiden Hurdle,Canicallheralex,50/1,10,5:51.55,0.0,-0.02,32935.013012796015,-0.0,-0.0
257543,2019-09-16,4:45,galwayraces.com Maiden Hurdle,Moondust Magic,100/1,11,6:5.55,0.0,-0.01,32935.013012796015,-0.0,-0.0
257534,2019-09-16,4:45,galwayraces.com Maiden Hurdle,Ego Des Mottes,4/9F,2,5:33.30,0.0,-2.272727272727273,32935.013012796015,-0.0,-0.0
257535,2019-09-16,4:45,galwayraces.com Maiden Hurdle,Castle Canny,6/1,3,5:34.05,0.0,-0.16666666666666666,32935.013012796015,-0.0,-0.0
257536,2019-09-16,4:45,galwayraces.com Maiden Hurdle,Three Is Company,8/1,4,5:34.11,0.0,-0.125,32935.013012796015,-0.0,-0.0
257537,2019-09-16,4:45,galwayraces.com Maiden Hurdle,Getalife,33/1,5,5:35.74,0.0,-0.030303030303030304,32935.013012796015,-0.0,-0.0
257538,2019-09-16,4:45,galwayraces.com Maiden Hurdle,Fur Elise,16/1,6,5:36.93,0.0,-0.0625,32935.013012796015,-0.0,-0.0
257539,2019-09-16,4:45,galwayraces.com Maiden Hurdle,Bergkamp,11/1,7,5:44.43,0.0,-0.09090909090909091,32935.013012796015,-0.0,-0.0
257540,2019-09-16,4:45,galwayraces.com Maiden Hurdle,Three Boyo's,50/1,8,5:44.93,0.0,-0.02,32935.013012796015,-0.0,-0.0
257541,2019-09-16,4:45,galwayraces.com Maiden Hurdle,Cozziemodo,100/1,9,5:50.68,0.0,-0.01,32935.013012796015,-0.0,-0.0
264605,2019-09-16,5:15,Deacy Gilligan Irish EBF Mares Hurdle,Western Victory,11/4,1,5:22.20,0.47619047619047616,0.2857142857142857,32935.013012796015,4705.001858970859,17643.75697114072
264606,2019-09-16,5:15,Deacy Gilligan Irish EBF Mares Hurdle,Awayinthewest,8/1,2,5:24.95,0.045454545454545456,-0.07386363636363637,32935.013012796015,-0.0,-0.0
264607,2019-09-16,5:15,Deacy Gilligan Irish EBF Mares Hurdle,Great White Shark,4/6F,3,5:26.14,0.24324324324324326,-0.8862444534086327,32935.013012796015,-0.0,-0.0
264608,2019-09-16,5:15,Deacy Gilligan Irish EBF Mares Hurdle,Dont Hesitate,7/1,4,5:32.89,0.0,-0.14285714285714285,32935.013012796015,-0.0,-0.0
264609,2019-09-16,5:15,Deacy Gilligan Irish EBF Mares Hurdle,Jaime Sommers,25/1,5,5:33.01,0.0,-0.04,32935.013012796015,-0.0,-0.0
264610,2019-09-16,5:15,Deacy Gilligan Irish EBF Mares Hurdle,Sweet Sting,50/1,UR,,0.0,-0.02,32935.013012796015,-0.0,-0.0
254895,2019-09-16,5:45,angloprinters.ie Handicap Hurdle,Dumhach Thra,9/4F,1,4:6.30,0.24324324324324326,-0.09309309309309308,45873.76812496588,-0.0,-0.0
254904,2019-09-16,5:45,angloprinters.ie Handicap Hurdle,Cash In Mind,20/1,10,4:10.74,0.0,-0.05,45873.76812496588,-0.0,-0.0
254905,2019-09-16,5:45,angloprinters.ie Handicap Hurdle,The Perch,25/1,11,4:11.55,0.0,-0.04,45873.76812496588,-0.0,-0.0
254906,2019-09-16,5:45,angloprinters.ie Handicap Hurdle,Challow,20/1,12,4:11.74,0.0,-0.05,45873.76812496588,-0.0,-0.0
254907,2019-09-16,5:45,angloprinters.ie Handicap Hurdle,Jazz Ranger,7/1,13,4:12.93,0.0,-0.14285714285714285,45873.76812496588,-0.0,-0.0
254908,2019-09-16,5:45,angloprinters.ie Handicap Hurdle,Baby Bellini,14/1,14,4:15.43,0.0,-0.07142857142857142,45873.76812496588,-0.0,-0.0
254909,2019-09-16,5:45,angloprinters.ie Handicap Hurdle,Her Approval,25/1,15,4:17.68,0.0,-0.04,45873.76812496588,-0.0,-0.0
254910,2019-09-16,5:45,angloprinters.ie Handicap Hurdle,Roachdale House,10/1,16,4:18.61,0.0,-0.1,45873.76812496588,-0.0,-0.0
254896,2019-09-16,5:45,angloprinters.ie Handicap Hurdle,Sizing Malbay,10/1,2,4:7.24,0.0,-0.1,45873.76812496588,-0.0,-0.0
254897,2019-09-16,5:45,angloprinters.ie Handicap Hurdle,Kansas Kid,10/1,3,4:8.24,0.0,-0.1,45873.76812496588,-0.0,-0.0
254898,2019-09-16,5:45,angloprinters.ie Handicap Hurdle,Effernock Lad,9/1,4,4:8.74,0.0,-0.1111111111111111,45873.76812496588,-0.0,-0.0
254899,2019-09-16,5:45,angloprinters.ie Handicap Hurdle,Midland Millie,25/1,5,4:8.86,0.0,-0.04,45873.76812496588,-0.0,-0.0
254900,2019-09-16,5:45,angloprinters.ie Handicap Hurdle,Moyode Lady,16/1,6,4:9.74,0.0,-0.0625,45873.76812496588,-0.0,-0.0
254901,2019-09-16,5:45,angloprinters.ie Handicap Hurdle,Water Sprite,16/1,7,4:10.18,0.0,-0.0625,45873.76812496588,-0.0,-0.0
254902,2019-09-16,5:45,angloprinters.ie Handicap Hurdle,Broder,10/1,8,4:10.24,0.0,-0.1,45873.76812496588,-0.0,-0.0
254903,2019-09-16,5:45,angloprinters.ie Handicap Hurdle,Khudha,20/1,9,4:10.36,0.0,-0.05,45873.76812496588,-0.0,-0.0
254911,2019-09-16,5:45,angloprinters.ie Handicap Hurdle,Nameloc,14/1,PU,,0.0,-0.07142857142857142,45873.76812496588,-0.0,-0.0
254912,2019-09-16,5:45,angloprinters.ie Handicap Hurdle,Colour Me In,33/1,UR,,0.0,-0.030303030303030304,45873.76812496588,-0.0,-0.0
259933,2019-09-16,6:15,Win Big With Tote Beginners Chase,Charlie Stout,4/1C,1,4:47.10,0.24324324324324326,0.05405405405405406,45873.76812496588,1239.8315709450237,6199.157854725118
259942,2019-09-16,6:15,Win Big With Tote Beginners Chase,Mistheatre,50/1,10,4:53.66,0.0,-0.02,45873.76812496588,-0.0,-0.0
259943,2019-09-16,6:15,Win Big With Tote Beginners Chase,Young Dev,33/1,11,4:54.73,0.0,-0.030303030303030304,45873.76812496588,-0.0,-0.0
259944,2019-09-16,6:15,Win Big With Tote Beginners Chase,Princely Conn,16/1,12,4:58.98,0.0,-0.0625,45873.76812496588,-0.0,-0.0
259945,2019-09-16,6:15,Win Big With Tote Beginners Chase,It's Only A Number,40/1,13,5:1.23,0.0,-0.025,45873.76812496588,-0.0,-0.0
259946,2019-09-16,6:15,Win Big With Tote Beginners Chase,Steer Clear,16/1,14,5:3.60,0.0,-0.0625,45873.76812496588,-0.0,-0.0
259934,2019-09-16,6:15,Win Big With Tote Beginners Chase,Stormey,16/1,2,4:47.35,0.24324324324324326,0.19594594594594594,45873.76812496588,4494.389444675711,0.0
259935,2019-09-16,6:15,Win Big With Tote Beginners Chase,Fine Brunello,9/2,3,4:48.35,0.1111111111111111,-0.08641975308641975,45873.76812496588,-0.0,-0.0
259936,2019-09-16,6:15,Win Big With Tote Beginners Chase,Lever Du Soleil,4/1C,4,4:49.41,0.045454545454545456,-0.19318181818181818,45873.76812496588,-0.0,-0.0
259937,2019-09-16,6:15,Win Big With Tote Beginners Chase,Dawn Raider,13/2,5,4:50.91,0.045454545454545456,-0.1013986013986014,45873.76812496588,-0.0,-0.0
259938,2019-09-16,6:15,Win Big With Tote Beginners Chase,High Sparrow,4/1C,6,4:51.48,0.019403747061031033,-0.2257453161737112,45873.76812496588,-0.0,-0.0
259939,2019-09-16,6:15,Win Big With Tote Beginners Chase,Tourboy,33/1,7,4:51.66,0.0,-0.030303030303030304,45873.76812496588,-0.0,-0.0
259940,2019-09-16,6:15,Win Big With Tote Beginners Chase,Cats For Cash,33/1,8,4:52.35,0.0,-0.030303030303030304,45873.76812496588,-0.0,-0.0
259941,2019-09-16,6:15,Win Big With Tote Beginners Chase,Paranoid,25/1,9,4:53.23,0.0,-0.04,45873.76812496588,-0.0,-0.0
264676,2019-09-16,6:45,Kenny Developments Handicap Chase,Wake Up Early,13/2,1,5:58.00,0.24324324324324326,0.12681912681912683,46338.70496407026,2938.3170507362643,22037.37788052198
264677,2019-09-16,6:45,Kenny Developments Handicap Chase,He Rock's,16/1,2,5:58.12,0.1111111111111111,0.05555555555555555,46338.70496407026,1287.1862490019516,0.0
264678,2019-09-16,6:45,Kenny Developments Handicap Chase,Rebel Cry,25/1,3,6:0.00,0.0,-0.04,46338.70496407026,-0.0,-0.0
264679,2019-09-16,6:45,Kenny Developments Handicap Chase,Gunfire Reef,7/1,4,6:0.75,0.0,-0.14285714285714285,46338.70496407026,-0.0,-0.0
264680,2019-09-16,6:45,Kenny Developments Handicap Chase,Island Master,7/2F,5,6:2.62,0.0,-0.2857142857142857,46338.70496407026,-0.0,-0.0
264681,2019-09-16,6:45,Kenny Developments Handicap Chase,Little Haarth,8/1,6,6:12.38,0.0,-0.125,46338.70496407026,-0.0,-0.0
264682,2019-09-16,6:45,Kenny Developments Handicap Chase,Pistol Shoot,6/1,7,6:12.75,0.0,-0.16666666666666666,46338.70496407026,-0.0,-0.0
264683,2019-09-16,6:45,Kenny Developments Handicap Chase,Cable,20/1,8,6:31.25,0.24324324324324326,0.2054054054054054,46338.70496407026,4759.110239553162,0.0
264684,2019-09-16,6:45,Kenny Developments Handicap Chase,Persian Wind,8/1,F,,0.0,-0.125,46338.70496407026,-0.0,-0.0
264685,2019-09-16,6:45,Kenny Developments Handicap Chase,Ballybrowney Jack,5/1,REF,,0.0,-0.2,46338.70496407026,-0.0,-0.0
261770,2019-09-16,7:15,Weatherbys General Stud Book EBF Mares INH Flat Race,Presenting Meghan,5/1,1,4:14.90,0.1111111111111111,-0.06666666666666665,59391.46930530087,-0.0,-0.0
261771,2019-09-16,7:15,Weatherbys General Stud Book EBF Mares INH Flat Race,Lady Of Elysium,4/1,2,4:15.46,0.07692307692307693,-0.15384615384615385,59391.46930530087,-0.0,-0.0
261772,2019-09-16,7:15,Weatherbys General Stud Book EBF Mares INH Flat Race,Lightning Skye,15/8F,3,4:15.46,0.24324324324324326,-0.1592869465209891,59391.46930530087,-0.0,-0.0
261773,2019-09-16,7:15,Weatherbys General Stud Book EBF Mares INH Flat Race,Blue Jacaranda,11/4,4,4:15.65,0.24324324324324326,-0.031941031941031935,59391.46930530087,-0.0,-0.0
261774,2019-09-16,7:15,Weatherbys General Stud Book EBF Mares INH Flat Race,Howsthewoman,12/1,5,4:15.84,0.0,-0.08333333333333333,59391.46930530087,-0.0,-0.0
261775,2019-09-16,7:15,Weatherbys General Stud Book EBF Mares INH Flat Race,Fortfield Lady,25/1,6,4:17.84,0.0,-0.04,59391.46930530087,-0.0,-0.0
261776,2019-09-16,7:15,Weatherbys General Stud Book EBF Mares INH Flat Race,Le River Noir,14/1,7,4:18.27,0.0,-0.07142857142857142,59391.46930530087,-0.0,-0.0
261777,2019-09-16,7:15,Weatherbys General Stud Book EBF Mares INH Flat Race,Beautiful Betsy,25/1,8,4:24.77,0.0,-0.04,59391.46930530087,-0.0,-0.0
261778,2019-09-16,7:15,Weatherbys General Stud Book EBF Mares INH Flat Race,New Found Glory,33/1,9,4:28.02,0.0,-0.030303030303030304,59391.46930530087,-0.0,-0.0
262093,2019-10-08,2:05,Mervue Maiden Hurdle,Battle Of Midway,4/1,1,4:55.60,0.6923076923076923,0.6153846153846154,59391.46930530087,18274.298247784882,91371.49123892441
262094,2019-10-08,2:05,Mervue Maiden Hurdle,Thatsy,5/4F,2,4:56.23,0.24324324324324326,-0.3621621621621622,59391.46930530087,-0.0,-0.0
262095,2019-10-08,2:05,Mervue Maiden Hurdle,All Those Years,2/1,3,4:57.41,0.24324324324324326,-0.13513513513513514,59391.46930530087,-0.0,-0.0
262096,2019-10-08,2:05,Mervue Maiden Hurdle,Glamorgan Duke,16/1,4,4:57.79,0.24324324324324326,0.19594594594594594,59391.46930530087,5818.758817073395,0.0
262097,2019-10-08,2:05,Mervue Maiden Hurdle,Mister Fogpatches,14/1,5,5:1.04,0.07692307692307693,0.010989010989010997,59391.46930530087,326.32675442473027,0.0
262098,2019-10-08,2:05,Mervue Maiden Hurdle,Atlantic Shore,14/1,6,5:2.10,0.0,-0.07142857142857142,59391.46930530087,-0.0,-0.0
262099,2019-10-08,2:05,Mervue Maiden Hurdle,Costly Diamond,66/1,7,5:11.85,0.0,-0.015151515151515152,59391.46930530087,-0.0,-0.0
262100,2019-10-08,2:05,Mervue Maiden Hurdle,Carrigmoorna Pine,50/1,8,5:12.98,0.0,-0.02,59391.46930530087,-0.0,-0.0
262101,2019-10-08,2:05,Mervue Maiden Hurdle,Delaney's Cross,100/1,9,5:18.98,0.0,-0.01,59391.46930530087,-0.0,-0.0
262102,2019-10-08,2:05,Mervue Maiden Hurdle,Iridescent,100/1,PU,,0.0,-0.01,59391.46930530087,-0.0,-0.0
263801,2019-10-08,2:35,Ballybrit Handicap Hurdle,Jurby,10/1,1,4:57.30,0.1111111111111111,0.022222222222222233,126343.57672494228,1403.817519166026,15441.992710826285
263802,2019-10-08,2:35,Ballybrit Handicap Hurdle,Le Hachette,3/1,2,4:57.61,0.24324324324324326,-0.009009009009008992,126343.57672494228,-0.0,-0.0
263803,2019-10-08,2:35,Ballybrit Handicap Hurdle,Sizing Malbay,11/2,3,5:6.11,0.0,-0.18181818181818182,126343.57672494228,-0.0,-0.0
263804,2019-10-08,2:35,Ballybrit Handicap Hurdle,Kansas Kid,4/1,4,5:6.30,0.0,-0.25,126343.57672494228,-0.0,-0.0
263805,2019-10-08,2:35,Ballybrit Handicap Hurdle,Cash Me Outside,8/1,5,5:8.55,0.0,-0.125,126343.57672494228,-0.0,-0.0
263806,2019-10-08,2:35,Ballybrit Handicap Hurdle,Aa Bee See,5/2F,6,5:8.61,0.0,-0.4,126343.57672494228,-0.0,-0.0
263807,2019-10-08,2:35,Ballybrit Handicap Hurdle,Georgieshore,14/1,F,,0.0,-0.07142857142857142,126343.57672494228,-0.0,-0.0
263808,2019-10-08,2:35,Ballybrit Handicap Hurdle,Paddytheirishman,33/1,PU,,0.0,-0.030303030303030304,126343.57672494228,-0.0,-0.0
264755,2019-10-08,3:10,Faber Audiovisuals Rated Novice Hurdle,Pakens Rock,11/4F,1,4:17.50,0.24324324324324326,-0.031941031941031935,140381.75191660254,-0.0,-0.0
264756,2019-10-08,3:10,Faber Audiovisuals Rated Novice Hurdle,Drop The Anchor,100/30,2,4:20.25,0.045454545454545456,-0.2411957411957412,140381.75191660254,-0.0,-0.0
264757,2019-10-08,3:10,Faber Audiovisuals Rated Novice Hurdle,Anything Will Do,3/1,3,4:20.25,0.1111111111111111,-0.1851851851851852,140381.75191660254,-0.0,-0.0
264758,2019-10-08,3:10,Faber Audiovisuals Rated Novice Hurdle,Think Positive,12/1,4,4:21.88,0.0,-0.08333333333333333,140381.75191660254,-0.0,-0.0
264759,2019-10-08,3:10,Faber Audiovisuals Rated Novice Hurdle,Dumhach Thra,4/1,5,4:23.00,0.0,-0.25,140381.75191660254,-0.0,-0.0
264760,2019-10-08,3:10,Faber Audiovisuals Rated Novice Hurdle,Lignou,25/1,6,4:24.75,0.0,-0.04,140381.75191660254,-0.0,-0.0
264761,2019-10-08,3:10,Faber Audiovisuals Rated Novice Hurdle,Aim For Glory,10/1,7,4:25.00,0.0,-0.1,140381.75191660254,-0.0,-0.0
265140,2019-10-08,3:40,Ryans Cleaning Chase,The Red Menace,7/2,1,5:57.80,1.0,1.0,140381.75191660254,70190.87595830127,315858.9418123557
265141,2019-10-08,3:40,Ryans Cleaning Chase,Charlie Stout,5/2,2,6:3.05,0.24324324324324326,-0.05945945945945948,140381.75191660254,-0.0,-0.0
265142,2019-10-08,3:40,Ryans Cleaning Chase,Gun Digger,5/4F,3,6:4.68,0.07692307692307693,-0.6615384615384616,140381.75191660254,-0.0,-0.0
265143,2019-10-08,3:40,Ryans Cleaning Chase,Rebel Turn,66/1,4,6:25.18,0.0,-0.015151515151515152,140381.75191660254,-0.0,-0.0
265144,2019-10-08,3:40,Ryans Cleaning Chase,Drumacoo,9/1,5,6:26.18,0.0,-0.1111111111111111,140381.75191660254,-0.0,-0.0
265145,2019-10-08,3:40,Ryans Cleaning Chase,Paddy Buns,16/1,6,6:32.93,0.0,-0.0625,140381.75191660254,-0.0,-0.0
265146,2019-10-08,3:40,Ryans Cleaning Chase,Brave Light,100/1,PU,,0.0,-0.01,140381.75191660254,-0.0,-0.0
261123,2019-10-08,4:15,GalwayRaces.com Beginners Chase,Sayo,3/1,1,4:54.80,1.0,1.0,386049.817770657,193024.9088853285,772099.635541314
261132,2019-10-08,4:15,GalwayRaces.com Beginners Chase,Paranoid,25/1,10,5:14.93,0.0,-0.04,386049.817770657,-0.0,-0.0
261124,2019-10-08,4:15,GalwayRaces.com Beginners Chase,Fine Brunello,7/2,2,5:0.80,0.1111111111111111,-0.14285714285714285,386049.817770657,-0.0,-0.0
261125,2019-10-08,4:15,GalwayRaces.com Beginners Chase,Stormey,10/1,3,5:2.18,0.045454545454545456,-0.05,386049.817770657,-0.0,-0.0
261126,2019-10-08,4:15,GalwayRaces.com Beginners Chase,Final List,9/1,4,5:6.18,0.0,-0.1111111111111111,386049.817770657,-0.0,-0.0
261127,2019-10-08,4:15,GalwayRaces.com Beginners Chase,Brex Drago,9/1,5,5:7.43,0.0,-0.1111111111111111,386049.817770657,-0.0,-0.0
261128,2019-10-08,4:15,GalwayRaces.com Beginners Chase,An Droichead Gorm,100/1,6,5:11.43,0.0,-0.01,386049.817770657,-0.0,-0.0
261129,2019-10-08,4:15,GalwayRaces.com Beginners Chase,Princely Conn,33/1,7,5:12.80,0.0,-0.030303030303030304,386049.817770657,-0.0,-0.0
261130,2019-10-08,4:15,GalwayRaces.com Beginners Chase,Never Off Duty,33/1,8,5:13.36,0.0,-0.030303030303030304,386049.817770657,-0.0,-0.0
261131,2019-10-08,4:15,GalwayRaces.com Beginners Chase,Dis Donc,7/4F,9,5:13.74,0.0,-0.5714285714285714,386049.817770657,-0.0,-0.0
261133,2019-10-08,4:15,GalwayRaces.com Beginners Chase,Rainy Night Insoho,100/1,PU,,0.0,-0.01,386049.817770657,-0.0,-0.0
262697,2019-10-08,4:50,Guinness Handicap Chase,Portmore Lough,4/1F,1,4:53.60,0.2,0.0,965124.5444266426,0.0,0.0
262698,2019-10-08,4:50,Guinness Handicap Chase,Great Khan,16/1,2,4:53.91,0.07692307692307693,0.019230769230769232,965124.5444266426,9280.043696410026,0.0
262699,2019-10-08,4:50,Guinness Handicap Chase,Pateen,6/1,3,4:54.54,0.045454545454545456,-0.11363636363636365,965124.5444266426,-0.0,-0.0
262700,2019-10-08,4:50,Guinness Handicap Chase,Damut,14/1,4,4:54.66,0.1111111111111111,0.04761904761904761,965124.5444266426,22979.15581968196,0.0
262701,2019-10-08,4:50,Guinness Handicap Chase,Punches Cross,5/1,5,4:58.41,0.0,-0.2,965124.5444266426,-0.0,-0.0
262702,2019-10-08,4:50,Guinness Handicap Chase,Nearly Nama'd,20/1,6,4:58.54,0.0,-0.05,965124.5444266426,-0.0,-0.0
262703,2019-10-08,4:50,Guinness Handicap Chase,Reach Up,8/1,7,5:1.79,0.0,-0.125,965124.5444266426,-0.0,-0.0
262704,2019-10-08,4:50,Guinness Handicap Chase,Bilbo Bagins,12/1,8,5:20.79,0.0,-0.08333333333333333,965124.5444266426,-0.0,-0.0
262705,2019-10-08,4:50,Guinness Handicap Chase,All The Chimneys,12/1,9,5:21.85,0.0,-0.08333333333333333,965124.5444266426,-0.0,-0.0
262706,2019-10-08,4:50,Guinness Handicap Chase,Effernock Lad,5/1,UR,,0.0,-0.2,965124.5444266426,-0.0,-0.0
262707,2019-10-08,4:50,Guinness Handicap Chase,Peacocks Secret,9/1,UR,,0.0,-0.1111111111111111,965124.5444266426,-0.0,-0.0
256410,2019-10-08,5:20,Jamie Kyne Memorial INH Flat Race,Hollow Sound,12/1,1,4:13.10,0.24324324324324326,0.1801801801801802,932865.3449105506,84041.92296491448,1092544.9985438883
256419,2019-10-08,5:20,Jamie Kyne Memorial INH Flat Race,One For Joe,50/1,10,4:33.54,0.0,-0.02,932865.3449105506,-0.0,-0.0
256420,2019-10-08,5:20,Jamie Kyne Memorial INH Flat Race,It's A Hoofer,14/1,11,4:35.79,0.0,-0.07142857142857142,932865.3449105506,-0.0,-0.0
256421,2019-10-08,5:20,Jamie Kyne Memorial INH Flat Race,Presenting Dylan,14/1,12,4:36.04,0.0,-0.07142857142857142,932865.3449105506,-0.0,-0.0
256422,2019-10-08,5:20,Jamie Kyne Memorial INH Flat Race,Vale Of Glory,66/1,13,4:40.29,0.0,-0.015151515151515152,932865.3449105506,-0.0,-0.0
256423,2019-10-08,5:20,Jamie Kyne Memorial INH Flat Race,Thatlldo,66/1,14,4:40.79,0.0,-0.015151515151515152,932865.3449105506,-0.0,-0.0
256424,2019-10-08,5:20,Jamie Kyne Memorial INH Flat Race,Wilcos Storm,66/1,15,4:45.04,0.0,-0.015151515151515152,932865.3449105506,-0.0,-0.0
256411,2019-10-08,5:20,Jamie Kyne Memorial INH Flat Race,Fairyhill Run,10/1,2,4:16.10,0.0,-0.1,932865.3449105506,-0.0,-0.0
256412,2019-10-08,5:20,Jamie Kyne Memorial INH Flat Race,Elusive Rebeldom,8/1,3,4:17.98,0.0,-0.125,932865.3449105506,-0.0,-0.0
256413,2019-10-08,5:20,Jamie Kyne Memorial INH Flat Race,Some Can Sing,25/1,4,4:18.54,0.0,-0.04,932865.3449105506,-0.0,-0.0
256414,2019-10-08,5:20,Jamie Kyne Memorial INH Flat Race,Pottlerath,33/1,5,4:21.54,0.0,-0.030303030303030304,932865.3449105506,-0.0,-0.0
256415,2019-10-08,5:20,Jamie Kyne Memorial INH Flat Race,Dixieland Swing,14/1,6,4:21.91,0.0,-0.07142857142857142,932865.3449105506,-0.0,-0.0
256416,2019-10-08,5:20,Jamie Kyne Memorial INH Flat Race,Goaheadwiththeplan,9/10F,7,4:23.16,0.0,-1.1111111111111112,932865.3449105506,-0.0,-0.0
256417,2019-10-08,5:20,Jamie Kyne Memorial INH Flat Race,Knockwilliambridge,8/1,8,4:28.66,0.0,-0.125,932865.3449105506,-0.0,-0.0
256418,2019-10-08,5:20,Jamie Kyne Memorial INH Flat Race,Seanbhothar,8/1,9,4:30.54,0.0,-0.125,932865.3449105506,-0.0,-0.0
257426,2019-10-26,2:05,Renvyle House Hotel 3-Y-O Maiden Hurdle,Sacchoandvanzetti,9/2,1,4:0.70,0.6923076923076923,0.6239316239316239,1941368.4204895245,605640.5756228004,3331023.165925402
257435,2019-10-26,2:05,Renvyle House Hotel 3-Y-O Maiden Hurdle,Fassbender,25/1,10,4:19.51,0.0,-0.04,1941368.4204895245,-0.0,-0.0
257436,2019-10-26,2:05,Renvyle House Hotel 3-Y-O Maiden Hurdle,Recent Revelations,66/1,11,4:19.57,0.0,-0.015151515151515152,1941368.4204895245,-0.0,-0.0
257437,2019-10-26,2:05,Renvyle House Hotel 3-Y-O Maiden Hurdle,Little Stone,100/1,12,4:21.20,0.0,-0.01,1941368.4204895245,-0.0,-0.0
257438,2019-10-26,2:05,Renvyle House Hotel 3-Y-O Maiden Hurdle,Lalipour,20/1,13,4:22.82,0.0,-0.05,1941368.4204895245,-0.0,-0.0
257439,2019-10-26,2:05,Renvyle House Hotel 3-Y-O Maiden Hurdle,Ventnor,66/1,14,4:27.32,0.0,-0.015151515151515152,1941368.4204895245,-0.0,-0.0
257427,2019-10-26,2:05,Renvyle House Hotel 3-Y-O Maiden Hurdle,Very Excellent,50/1,2,4:0.82,0.6923076923076923,0.6861538461538461,1941368.4204895245,666038.7042602522,0.0
257428,2019-10-26,2:05,Renvyle House Hotel 3-Y-O Maiden Hurdle,Instant Return,20/1,3,4:1.51,0.24324324324324326,0.2054054054054054,1941368.4204895245,199383.78372595116,0.0
257429,2019-10-26,2:05,Renvyle House Hotel 3-Y-O Maiden Hurdle,Dinard Rose,7/4F,4,4:1.70,1.0,1.0,1941368.4204895245,970684.2102447622,0.0
257430,2019-10-26,2:05,Renvyle House Hotel 3-Y-O Maiden Hurdle,Guinevere,9/2,5,4:9.95,0.0,-0.2222222222222222,1941368.4204895245,-0.0,-0.0
257431,2019-10-26,2:05,Renvyle House Hotel 3-Y-O Maiden Hurdle,Soloheadbeg,10/1,6,4:15.20,0.0,-0.1,1941368.4204895245,-0.0,-0.0
257432,2019-10-26,2:05,Renvyle House Hotel 3-Y-O Maiden Hurdle,Early Strike,20/1,7,4:17.95,0.0,-0.05,1941368.4204895245,-0.0,-0.0
257433,2019-10-26,2:05,Renvyle House Hotel 3-Y-O Maiden Hurdle,Isotope,11/1,8,4:18.45,0.0,-0.09090909090909091,1941368.4204895245,-0.0,-0.0
257434,2019-10-26,2:05,Renvyle House Hotel 3-Y-O Maiden Hurdle,Top Line Tommy,33/1,9,4:19.45,0.0,-0.030303030303030304,1941368.4204895245,-0.0,-0.0
257440,2019-10-26,2:05,Renvyle House Hotel 3-Y-O Maiden Hurdle,Severus Alexander,8/1,BD,,0.0,-0.125,1941368.4204895245,-0.0,-0.0
257441,2019-10-26,2:05,Renvyle House Hotel 3-Y-O Maiden Hurdle,Futurum Regem,50/1,F,,0.0,-0.02,1941368.4204895245,-0.0,-0.0
257442,2019-10-26,2:05,Renvyle House Hotel 3-Y-O Maiden Hurdle,Youarestar,66/1,UR,,0.0,-0.015151515151515152,1941368.4204895245,-0.0,-0.0
257443,2019-10-26,2:05,Renvyle House Hotel 3-Y-O Maiden Hurdle,La Capacite,100/1,UR,,0.0,-0.01,1941368.4204895245,-0.0,-0.0
261321,2019-10-26,2:40,Connolly's Red Mills Irish EBF Auction Maiden Hurdle,Gold Speed,7/4F,1,4:2.80,0.24324324324324326,-0.1891891891891892,2830644.312561161,-0.0,-0.0
261330,2019-10-26,2:40,Connolly's Red Mills Irish EBF Auction Maiden Hurdle,Arctic Ambition,66/1,10,4:25.55,0.0,-0.015151515151515152,2830644.312561161,-0.0,-0.0
261322,2019-10-26,2:40,Connolly's Red Mills Irish EBF Auction Maiden Hurdle,Judex Lefou,6/1,2,4:3.68,0.045454545454545456,-0.11363636363636365,2830644.312561161,-0.0,-0.0
261323,2019-10-26,2:40,Connolly's Red Mills Irish EBF Auction Maiden Hurdle,Rippon Lodge,16/1,3,4:6.93,0.0,-0.0625,2830644.312561161,-0.0,-0.0
261324,2019-10-26,2:40,Connolly's Red Mills Irish EBF Auction Maiden Hurdle,Alpine Cobra,9/4,4,4:7.49,0.0,-0.4444444444444444,2830644.312561161,-0.0,-0.0
261325,2019-10-26,2:40,Connolly's Red Mills Irish EBF Auction Maiden Hurdle,A Different World,6/1,5,4:8.99,0.0,-0.16666666666666666,2830644.312561161,-0.0,-0.0
261326,2019-10-26,2:40,Connolly's Red Mills Irish EBF Auction Maiden Hurdle,Zambezir,16/1,6,4:12.49,0.0,-0.0625,2830644.312561161,-0.0,-0.0
261327,2019-10-26,2:40,Connolly's Red Mills Irish EBF Auction Maiden Hurdle,Arthur's Baby,33/1,7,4:15.24,0.0,-0.030303030303030304,2830644.312561161,-0.0,-0.0
261328,2019-10-26,2:40,Connolly's Red Mills Irish EBF Auction Maiden Hurdle,Campo Viego,100/1,8,4:17.99,0.0,-0.01,2830644.312561161,-0.0,-0.0
261329,2019-10-26,2:40,Connolly's Red Mills Irish EBF Auction Maiden Hurdle,Le Figaro Faoudel,50/1,9,4:24.99,0.0,-0.02,2830644.312561161,-0.0,-0.0
261331,2019-10-26,2:40,Connolly's Red Mills Irish EBF Auction Maiden Hurdle,Amerijano,10/1,F,,0.0,-0.1,2830644.312561161,-0.0,-0.0
260086,2019-10-26,3:15,SanServ Rated Novice Chase,Mount Pelier,4/1,1,4:46.80,0.6923076923076923,0.6153846153846154,2830644.312561161,870967.4807880495,4354837.403940247
260095,2019-10-26,3:15,SanServ Rated Novice Chase,Princely Conn,50/1,10,5:7.74,0.0,-0.02,2830644.312561161,-0.0,-0.0
260096,2019-10-26,3:15,SanServ Rated Novice Chase,Aforementioned,9/2,11,5:10.74,0.0,-0.2222222222222222,2830644.312561161,-0.0,-0.0
260087,2019-10-26,3:15,SanServ Rated Novice Chase,Fine Brunello,5/2F,2,4:50.05,0.24324324324324326,-0.05945945945945948,2830644.312561161,-0.0,-0.0
260088,2019-10-26,3:15,SanServ Rated Novice Chase,Sil Ver Klass,20/1,3,4:50.30,0.045454545454545456,-0.002272727272727271,2830644.312561161,-0.0,-0.0
260089,2019-10-26,3:15,SanServ Rated Novice Chase,Paris Texas,25/1,4,4:50.43,0.0,-0.04,2830644.312561161,-0.0,-0.0
260090,2019-10-26,3:15,SanServ Rated Novice Chase,Visioman,100/30,5,4:51.36,0.24324324324324326,0.015988961934907883,2830644.312561161,22629.532082401947,0.0
260091,2019-10-26,3:15,SanServ Rated Novice Chase,Stormey,14/1,6,4:52.99,0.045454545454545456,-0.02272727272727273,2830644.312561161,-0.0,-0.0
260092,2019-10-26,3:15,SanServ Rated Novice Chase,Ozzie's Way,28/1,7,5:1.49,0.0,-0.03571428571428571,2830644.312561161,-0.0,-0.0
260093,2019-10-26,3:15,SanServ Rated Novice Chase,Dumhach Thra,12/1,8,5:1.61,0.0,-0.08333333333333333,2830644.312561161,-0.0,-0.0
260094,2019-10-26,3:15,SanServ Rated Novice Chase,Tigris River,33/1,9,5:6.61,0.0,-0.030303030303030304,2830644.312561161,-0.0,-0.0
260097,2019-10-26,3:15,SanServ Rated Novice Chase,Brex Drago,20/1,F,,0.0,-0.05,2830644.312561161,-0.0,-0.0
254790,2019-10-26,3:50,Corrib Oil Maiden Hurdle,Latest Exhibition,4/1,1,4:2.90,0.6923076923076923,0.6153846153846154,6291884.703630957,1935964.5241941407,9679822.620970704
254799,2019-10-26,3:50,Corrib Oil Maiden Hurdle,Resurrected Duke,25/1,10,4:12.65,0.0,-0.04,6291884.703630957,-0.0,-0.0
254800,2019-10-26,3:50,Corrib Oil Maiden Hurdle,Bergkamp,50/1,11,4:12.84,0.0,-0.02,6291884.703630957,-0.0,-0.0
254801,2019-10-26,3:50,Corrib Oil Maiden Hurdle,Glenquin Castle,33/1,12,4:12.90,0.0,-0.030303030303030304,6291884.703630957,-0.0,-0.0
254802,2019-10-26,3:50,Corrib Oil Maiden Hurdle,Marshalled,25/1,13,4:12.96,0.0,-0.04,6291884.703630957,-0.0,-0.0
254803,2019-10-26,3:50,Corrib Oil Maiden Hurdle,Newlands,33/1,14,4:14.59,0.0,-0.030303030303030304,6291884.703630957,-0.0,-0.0
254804,2019-10-26,3:50,Corrib Oil Maiden Hurdle,Mister Thriller,100/1,15,4:20.09,0.0,-0.01,6291884.703630957,-0.0,-0.0
254805,2019-10-26,3:50,Corrib Oil Maiden Hurdle,Getalife,100/1,16,4:20.09,0.0,-0.01,6291884.703630957,-0.0,-0.0
254806,2019-10-26,3:50,Corrib Oil Maiden Hurdle,Hellenic Fire,100/1,17,4:21.27,0.0,-0.01,6291884.703630957,-0.0,-0.0
254807,2019-10-26,3:50,Corrib Oil Maiden Hurdle,Captain Jimmy,33/1,18,4:21.52,0.0,-0.030303030303030304,6291884.703630957,-0.0,-0.0
254808,2019-10-26,3:50,Corrib Oil Maiden Hurdle,Friary Land,100/1,19,4:22.40,0.0,-0.01,6291884.703630957,-0.0,-0.0
254791,2019-10-26,3:50,Corrib Oil Maiden Hurdle,Thatsy,4/9F,2,4:4.03,0.6923076923076923,-0.006993006993007146,6291884.703630957,-0.0,-0.0
254809,2019-10-26,3:50,Corrib Oil Maiden Hurdle,Whitequarryroad,100/1,20,4:23.59,0.0,-0.01,6291884.703630957,-0.0,-0.0
254792,2019-10-26,3:50,Corrib Oil Maiden Hurdle,Davy's Dilemma,7/1,3,4:8.03,0.24324324324324326,0.13513513513513514,6291884.703630957,425127.34483992954,0.0
254793,2019-10-26,3:50,Corrib Oil Maiden Hurdle,Thunder Down Under,14/1,4,4:8.78,0.045454545454545456,-0.02272727272727273,6291884.703630957,-0.0,-0.0
254794,2019-10-26,3:50,Corrib Oil Maiden Hurdle,Dawson's Gate,66/1,5,4:9.28,0.045454545454545456,0.030991735537190084,6291884.703630957,97498.21338271111,0.0
254795,2019-10-26,3:50,Corrib Oil Maiden Hurdle,Ensel Du Perche,80/1,6,4:9.53,0.045454545454545456,0.033522727272727273,6291884.703630957,105460.56747563252,0.0
254796,2019-10-26,3:50,Corrib Oil Maiden Hurdle,Even Flight,20/1,7,4:10.71,0.0,-0.05,6291884.703630957,-0.0,-0.0
254797,2019-10-26,3:50,Corrib Oil Maiden Hurdle,Toms Courage,33/1,8,4:11.03,0.0,-0.030303030303030304,6291884.703630957,-0.0,-0.0
254798,2019-10-26,3:50,Corrib Oil Maiden Hurdle,Moscowsowhat,66/1,9,4:11.78,0.0,-0.015151515151515152,6291884.703630957,-0.0,-0.0
263783,2019-10-26,4:25,W.B. Gavin & Co. Handicap Hurdle,De Mazzaro,7/2F,1,4:2.30,0.47619047619047616,0.32653061224489793,13407656.674709247,2189005.1713811015,9850523.271214956
263792,2019-10-26,4:25,W.B. Gavin & Co. Handicap Hurdle,Westerner Point,10/1,10,4:16.93,0.0,-0.1,13407656.674709247,-0.0,-0.0
263784,2019-10-26,4:25,W.B. Gavin & Co. Handicap Hurdle,Top Moon,4/1,2,4:3.05,0.24324324324324326,0.05405405405405406,13407656.674709247,362369.0993164662,0.0
263785,2019-10-26,4:25,W.B. Gavin & Co. Handicap Hurdle,Velocity Boy,20/1,3,4:3.74,0.24324324324324326,0.2054054054054054,13407656.674709247,1377002.5774025712,0.0
263786,2019-10-26,4:25,W.B. Gavin & Co. Handicap Hurdle,Morga,14/1,4,4:4.99,0.045454545454545456,-0.02272727272727273,13407656.674709247,-0.0,-0.0
263787,2019-10-26,4:25,W.B. Gavin & Co. Handicap Hurdle,Cloudy Morning,7/1,5,4:6.05,0.045454545454545456,-0.09090909090909093,13407656.674709247,-0.0,-0.0
263788,2019-10-26,4:25,W.B. Gavin & Co. Handicap Hurdle,Jon Ess,8/1,6,4:6.49,0.0,-0.125,13407656.674709247,-0.0,-0.0
263789,2019-10-26,4:25,W.B. Gavin & Co. Handicap Hurdle,Razoul,4/1,7,4:9.99,0.0,-0.25,13407656.674709247,-0.0,-0.0
263790,2019-10-26,4:25,W.B. Gavin & Co. Handicap Hurdle,Orgilgo Bay,20/1,8,4:10.86,0.0,-0.05,13407656.674709247,-0.0,-0.0
263791,2019-10-26,4:25,W.B. Gavin & Co. Handicap Hurdle,Scheu Time,12/1,9,4:10.93,0.0,-0.08333333333333333,13407656.674709247,-0.0,-0.0
254846,2019-10-26,5:00,Faber Audiovisuals Handicap Hurdle,Georgieshore,5/1,1,4:44.50,0.24324324324324326,0.09189189189189188,19329803.097824067,888126.088278403,5328756.529670418
254855,2019-10-26,5:00,Faber Audiovisuals Handicap Hurdle,Western Doyen,16/1,10,4:51.69,0.0,-0.0625,19329803.097824067,-0.0,-0.0
254856,2019-10-26,5:00,Faber Audiovisuals Handicap Hurdle,Baby Bellini,16/1,11,4:52.31,0.0,-0.0625,19329803.097824067,-0.0,-0.0
254857,2019-10-26,5:00,Faber Audiovisuals Handicap Hurdle,Pull The Other One,25/1,12,4:53.12,0.0,-0.04,19329803.097824067,-0.0,-0.0
254858,2019-10-26,5:00,Faber Audiovisuals Handicap Hurdle,Fair Minded,12/1,13,4:54.88,0.0,-0.08333333333333333,19329803.097824067,-0.0,-0.0
254859,2019-10-26,5:00,Faber Audiovisuals Handicap Hurdle,Letter Of Credit,25/1,14,4:55.25,0.0,-0.04,19329803.097824067,-0.0,-0.0
254860,2019-10-26,5:00,Faber Audiovisuals Handicap Hurdle,Dragon Queen,33/1,15,4:55.38,0.0,-0.030303030303030304,19329803.097824067,-0.0,-0.0
254861,2019-10-26,5:00,Faber Audiovisuals Handicap Hurdle,Bomber Jackson,33/1,16,5:3.12,0.0,-0.030303030303030304,19329803.097824067,-0.0,-0.0
254847,2019-10-26,5:00,Faber Audiovisuals Handicap Hurdle,Midland Millie,4/1,2,4:44.57,0.24324324324324326,0.05405405405405406,19329803.097824067,522427.1107520018,0.0
254848,2019-10-26,5:00,Faber Audiovisuals Handicap Hurdle,Feyan,16/1,3,4:45.94,0.0,-0.0625,19329803.097824067,-0.0,-0.0
254849,2019-10-26,5:00,Faber Audiovisuals Handicap Hurdle,Johanna Yeats,5/1,4,4:46.56,0.0,-0.2,19329803.097824067,-0.0,-0.0
254850,2019-10-26,5:00,Faber Audiovisuals Handicap Hurdle,Muroor,7/2F,5,4:46.62,0.0,-0.2857142857142857,19329803.097824067,-0.0,-0.0
254851,2019-10-26,5:00,Faber Audiovisuals Handicap Hurdle,Road By The River,16/1,6,4:47.00,0.0,-0.0625,19329803.097824067,-0.0,-0.0
254852,2019-10-26,5:00,Faber Audiovisuals Handicap Hurdle,Moyode Lady,11/1,7,4:48.75,0.0,-0.09090909090909091,19329803.097824067,-0.0,-0.0
254853,2019-10-26,5:00,Faber Audiovisuals Handicap Hurdle,Emily Square,11/1,8,4:49.12,0.0,-0.09090909090909091,19329803.097824067,-0.0,-0.0
254854,2019-10-26,5:00,Faber Audiovisuals Handicap Hurdle,Grey Habit,14/1,9,4:50.06,0.0,-0.07142857142857142,19329803.097824067,-0.0,-0.0
262688,2019-10-26,5:35,Colm Quinn BMW  (Pro/Am) INH Flat Race,Powerful Ted,14/1,1,4:3.20,0.47619047619047616,0.4387755102040816,23248006.428464077,5100327.940938547,76504919.11407821
262689,2019-10-26,5:35,Colm Quinn BMW  (Pro/Am) INH Flat Race,Don Diablo,5/2,2,4:5.20,0.47619047619047616,0.26666666666666666,23248006.428464077,3099734.190461877,0.0
262690,2019-10-26,5:35,Colm Quinn BMW  (Pro/Am) INH Flat Race,Freedom To Dream,7/1,3,4:6.70,0.24324324324324326,0.13513513513513514,23248006.428464077,1570811.2451664917,0.0
262691,2019-10-26,5:35,Colm Quinn BMW  (Pro/Am) INH Flat Race,Favori Logique,8/1,4,4:7.32,0.045454545454545456,-0.07386363636363637,23248006.428464077,-0.0,-0.0
262692,2019-10-26,5:35,Colm Quinn BMW  (Pro/Am) INH Flat Race,Barrys Rock,33/1,5,4:7.39,0.0,-0.030303030303030304,23248006.428464077,-0.0,-0.0
262693,2019-10-26,5:35,Colm Quinn BMW  (Pro/Am) INH Flat Race,Farceur Du Large,EvensF,6,4:8.26,0.1111111111111111,-0.7777777777777777,23248006.428464077,-0.0,-0.0
262694,2019-10-26,5:35,Colm Quinn BMW  (Pro/Am) INH Flat Race,Henry Sellers,33/1,7,4:9.89,0.0,-0.030303030303030304,23248006.428464077,-0.0,-0.0
262695,2019-10-26,5:35,Colm Quinn BMW  (Pro/Am) INH Flat Race,Presenting Dylan,50/1,8,4:14.89,0.0,-0.02,23248006.428464077,-0.0,-0.0
262696,2019-10-26,5:35,Colm Quinn BMW  (Pro/Am) INH Flat Race,Lovely Moon,20/1,9,4:23.64,0.0,-0.05,23248006.428464077,-0.0,-0.0
261648,2019-10-27,1:05,Front Door Mares Maiden Hurdle,Mount Ida,6/4J,1,3:56.10,0.47619047619047616,0.1269841269841269,89982052.16597536,5713146.169268273,14282865.423170682
261649,2019-10-27,1:05,Front Door Mares Maiden Hurdle,Kalanisi Og,6/4J,2,3:57.10,0.3333333333333333,-0.11111111111111116,89982052.16597536,-0.0,-0.0
261650,2019-10-27,1:05,Front Door Mares Maiden Hurdle,Fag An Bealach,4/1,3,3:59.47,0.3333333333333333,0.16666666666666663,89982052.16597536,7498504.347164612,0.0
261651,2019-10-27,1:05,Front Door Mares Maiden Hurdle,Tokyo Getaway,14/1,4,4:0.29,0.24324324324324326,0.18918918918918923,89982052.16597536,8511815.745430104,0.0
261652,2019-10-27,1:05,Front Door Mares Maiden Hurdle,Kilcarry View,12/1,5,4:1.91,0.24324324324324326,0.1801801801801802,89982052.16597536,8106491.186123908,0.0
261653,2019-10-27,1:05,Front Door Mares Maiden Hurdle,Beautiful Betsy,66/1,6,4:2.47,0.0,-0.015151515151515152,89982052.16597536,-0.0,-0.0
261654,2019-10-27,1:05,Front Door Mares Maiden Hurdle,High Viz,50/1,7,4:2.97,0.0,-0.02,89982052.16597536,-0.0,-0.0
261655,2019-10-27,1:05,Front Door Mares Maiden Hurdle,Porterhorse,50/1,8,4:6.22,0.0,-0.02,89982052.16597536,-0.0,-0.0
261656,2019-10-27,1:05,Front Door Mares Maiden Hurdle,All The Mollies,50/1,9,4:20.23,0.0,-0.02,89982052.16597536,-0.0,-0.0
261657,2019-10-27,1:05,Front Door Mares Maiden Hurdle,Kilshanvey Lady,66/1,PU,,0.0,-0.015151515151515152,89982052.16597536,-0.0,-0.0
261166,2019-10-27,1:40,Derrygimlagh Bog Irish EBF Beginners Chase,Battleoverdoyen,8/11F,1,5:44.50,0.6923076923076923,0.2708113804004214,74434960.14115915,10078917.152938828,17436526.674584173
261167,2019-10-27,1:40,Derrygimlagh Bog Irish EBF Beginners Chase,Cap York,7/2,2,5:46.50,0.6923076923076923,0.6043956043956042,74434960.14115915,22494081.361339297,0.0
261168,2019-10-27,1:40,Derrygimlagh Bog Irish EBF Beginners Chase,Glamorgan Duke,25/1,3,5:47.19,0.24324324324324326,0.212972972972973,74434960.14115915,7926317.377193704,0.0
261169,2019-10-27,1:40,Derrygimlagh Bog Irish EBF Beginners Chase,Paranoid,20/1,4,5:54.19,0.0,-0.05,74434960.14115915,-0.0,-0.0
261170,2019-10-27,1:40,Derrygimlagh Bog Irish EBF Beginners Chase,Pateen,14/1,5,5:57.19,0.0,-0.07142857142857142,74434960.14115915,-0.0,-0.0
261171,2019-10-27,1:40,Derrygimlagh Bog Irish EBF Beginners Chase,Ask And Answer,66/1,6,6:0.44,0.0,-0.015151515151515152,74434960.14115915,-0.0,-0.0
261172,2019-10-27,1:40,Derrygimlagh Bog Irish EBF Beginners Chase,Cluan Dara,66/1,7,6:9.94,0.0,-0.015151515151515152,74434960.14115915,-0.0,-0.0
261173,2019-10-27,1:40,Derrygimlagh Bog Irish EBF Beginners Chase,Brosna George,33/1,8,6:10.00,0.0,-0.030303030303030304,74434960.14115915,-0.0,-0.0
261174,2019-10-27,1:40,Derrygimlagh Bog Irish EBF Beginners Chase,Galvin,100/30,F,,0.0,-0.3003003003003003,74434960.14115915,-0.0,-0.0
263646,2019-10-27,2:15,Marlin Hotel Dublin Handicap Chase,Portmore Lough,6/4F,1,5:43.00,0.24324324324324326,-0.26126126126126126,51372170.92427149,-0.0,-0.0
263647,2019-10-27,2:15,Marlin Hotel Dublin Handicap Chase,Sumos Novios,10/1,2,5:43.69,0.07692307692307693,-0.015384615384615385,51372170.92427149,-0.0,-0.0
263648,2019-10-27,2:15,Marlin Hotel Dublin Handicap Chase,Shady Operator,9/2,3,5:47.19,0.0,-0.2222222222222222,51372170.92427149,-0.0,-0.0
263649,2019-10-27,2:15,Marlin Hotel Dublin Handicap Chase,Mick The Jiver,20/1,4,5:48.25,0.0,-0.05,51372170.92427149,-0.0,-0.0
263650,2019-10-27,2:15,Marlin Hotel Dublin Handicap Chase,Timiyan,33/1,5,5:51.75,0.0,-0.030303030303030304,51372170.92427149,-0.0,-0.0
263651,2019-10-27,2:15,Marlin Hotel Dublin Handicap Chase,He Rock's,14/1,6,5:53.38,0.0,-0.07142857142857142,51372170.92427149,-0.0,-0.0
263652,2019-10-27,2:15,Marlin Hotel Dublin Handicap Chase,Templemore Dream,12/1,7,6:8.62,0.0,-0.08333333333333333,51372170.92427149,-0.0,-0.0
263653,2019-10-27,2:15,Marlin Hotel Dublin Handicap Chase,Nambour,10/1,F,,0.0,-0.1,51372170.92427149,-0.0,-0.0
263654,2019-10-27,2:15,Marlin Hotel Dublin Handicap Chase,Damut,10/1,PU,,0.0,-0.1,51372170.92427149,-0.0,-0.0
263655,2019-10-27,2:15,Marlin Hotel Dublin Handicap Chase,Father Jed,15/2,UR,,0.0,-0.13333333333333333,51372170.92427149,-0.0,-0.0
259169,2019-10-27,2:50,Glenman Corporation Handicap Chase,Duhallow Paddy,8/1,1,5:51.00,0.24324324324324326,0.14864864864864866,51372170.92427149,3818201.893020178,34363817.0371816
259178,2019-10-27,2:50,Glenman Corporation Handicap Chase,Ard Cregg,33/1,10,6:11.56,0.07692307692307693,0.04895104895104896,51372170.92427149,1257360.8268178338,0.0
259179,2019-10-27,2:50,Glenman Corporation Handicap Chase,Accordion Twilight,9/1,11,6:16.06,0.1111111111111111,0.012345679012345685,51372170.92427149,317112.16619920684,0.0
259180,2019-10-27,2:50,Glenman Corporation Handicap Chase,Our Bonus,10/1,12,6:20.81,0.0,-0.1,51372170.92427149,-0.0,-0.0
259170,2019-10-27,2:50,Glenman Corporation Handicap Chase,Daisy Chicks,5/1,2,5:51.44,0.07692307692307693,-0.10769230769230771,51372170.92427149,-0.0,-0.0
259171,2019-10-27,2:50,Glenman Corporation Handicap Chase,An Droichead Gorm,11/1,3,5:52.38,0.0,-0.09090909090909091,51372170.92427149,-0.0,-0.0
259172,2019-10-27,2:50,Glenman Corporation Handicap Chase,Wake Up Early,11/4F,4,5:53.19,0.045454545454545456,-0.30165289256198347,51372170.92427149,-0.0,-0.0
259173,2019-10-27,2:50,Glenman Corporation Handicap Chase,Braize,8/1,5,5:53.62,0.0,-0.125,51372170.92427149,-0.0,-0.0
259174,2019-10-27,2:50,Glenman Corporation Handicap Chase,Island Master,12/1,6,5:54.69,0.0,-0.08333333333333333,51372170.92427149,-0.0,-0.0
259175,2019-10-27,2:50,Glenman Corporation Handicap Chase,Glacial Shadow,16/1,7,5:54.81,0.0,-0.0625,51372170.92427149,-0.0,-0.0
259176,2019-10-27,2:50,Glenman Corporation Handicap Chase,Cappuccino Man,12/1,8,5:56.44,0.0,-0.08333333333333333,51372170.92427149,-0.0,-0.0
259177,2019-10-27,2:50,Glenman Corporation Handicap Chase,Sanibel Island,33/1,9,5:57.81,0.0,-0.030303030303030304,51372170.92427149,-0.0,-0.0
259181,2019-10-27,2:50,Glenman Corporation Handicap Chase,Turndownthevolume,50/1,PU,,0.0,-0.02,51372170.92427149,-0.0,-0.0
259182,2019-10-27,2:50,Glenman Corporation Handicap Chase,Easy Cash D'alex,28/1,PU,,0.0,-0.03571428571428571,51372170.92427149,-0.0,-0.0
259183,2019-10-27,2:50,Glenman Corporation Handicap Chase,Brave Light,40/1,UR,,0.0,-0.025,51372170.92427149,-0.0,-0.0
265191,2019-10-27,3:25,Annesley Williams Rated Novice Hurdle,Foveros,6/4F,1,5:5.60,0.6923076923076923,0.48717948717948706,80343313.07541586,19570807.03119104,48927017.5779776
265192,2019-10-27,3:25,Annesley Williams Rated Novice Hurdle,Quartz Du Rheu,5/2,2,5:6.29,0.24324324324324326,-0.05945945945945948,80343313.07541586,-0.0,-0.0
265193,2019-10-27,3:25,Annesley Williams Rated Novice Hurdle,Pakens Rock,2/1,3,5:8.41,0.24324324324324326,-0.13513513513513514,80343313.07541586,-0.0,-0.0
265194,2019-10-27,3:25,Annesley Williams Rated Novice Hurdle,Take A Turn,20/1,4,5:15.41,0.0,-0.05,80343313.07541586,-0.0,-0.0
265195,2019-10-27,3:25,Annesley Williams Rated Novice Hurdle,Advanced Virgo,14/1,5,5:16.10,0.0,-0.07142857142857142,80343313.07541586,-0.0,-0.0
261054,2019-10-27,4:00,Race In Pink Handicap Hurdle,Gran Geste,10/1,1,5:32.50,0.24324324324324326,0.16756756756756758,109699523.62220243,9191041.16834669,101101452.85181358
261055,2019-10-27,4:00,Race In Pink Handicap Hurdle,Pivotal Flame,9/2,2,5:33.12,0.24324324324324326,0.0750750750750751,109699523.62220243,4117849.9858184108,0.0
261056,2019-10-27,4:00,Race In Pink Handicap Hurdle,Fitzhenry,11/2,3,5:34.19,0.24324324324324326,0.10565110565110566,109699523.62220243,5794937.980042635,0.0
261057,2019-10-27,4:00,Race In Pink Handicap Hurdle,Dom Dolo,14/1,4,5:34.88,0.24324324324324326,0.18918918918918923,109699523.62220243,10376981.964262394,0.0
261058,2019-10-27,4:00,Race In Pink Handicap Hurdle,Foreign Secretary,20/1,5,5:34.94,0.0,-0.05,109699523.62220243,-0.0,-0.0
261059,2019-10-27,4:00,Race In Pink Handicap Hurdle,Russian Bill,5/1,6,5:35.44,0.1111111111111111,-0.06666666666666665,109699523.62220243,-0.0,-0.0
261060,2019-10-27,4:00,Race In Pink Handicap Hurdle,Monkshood,33/1,7,5:35.88,0.0,-0.030303030303030304,109699523.62220243,-0.0,-0.0
261061,2019-10-27,4:00,Race In Pink Handicap Hurdle,Le Hachette,3/1F,8,5:36.69,0.045454545454545456,-0.27272727272727276,109699523.62220243,-0.0,-0.0
261062,2019-10-27,4:00,Race In Pink Handicap Hurdle,Spancil Hill,16/1,9,5:40.69,0.0,-0.0625,109699523.62220243,-0.0,-0.0
261063,2019-10-27,4:00,Race In Pink Handicap Hurdle,Peaches And Cream,8/1,F,,0.0,-0.125,109699523.62220243,-0.0,-0.0
261064,2019-10-27,4:00,Race In Pink Handicap Hurdle,Peace N' Milan,33/1,PU,,0.0,-0.030303030303030304,109699523.62220243,-0.0,-0.0
261065,2019-10-27,4:00,Race In Pink Handicap Hurdle,Dashing Oscar,16/1,UR,,0.0,-0.0625,109699523.62220243,-0.0,-0.0
262643,2019-10-27,4:35,Merit Medical's Medallion 4-Y-O Fillies (Pro/Am) Flat Race,Global Equity,100/30F,1,3:49.20,0.47619047619047616,0.3188903188903188,181320165.3755459,28910622.678926587,125182996.19975212
262644,2019-10-27,4:35,Merit Medical's Medallion 4-Y-O Fillies (Pro/Am) Flat Race,Hill Of Truth,5/1,2,3:51.45,0.24324324324324326,0.09189189189189188,181320165.3755459,8330926.517254811,0.0
262645,2019-10-27,4:35,Merit Medical's Medallion 4-Y-O Fillies (Pro/Am) Flat Race,Beth Horan,5/1,3,3:53.32,0.0,-0.2,181320165.3755459,-0.0,-0.0
262646,2019-10-27,4:35,Merit Medical's Medallion 4-Y-O Fillies (Pro/Am) Flat Race,Champagne Diva,9/2,4,3:54.20,0.0,-0.2222222222222222,181320165.3755459,-0.0,-0.0
262647,2019-10-27,4:35,Merit Medical's Medallion 4-Y-O Fillies (Pro/Am) Flat Race,Presenting Ana,4/1,5,3:54.20,0.0,-0.25,181320165.3755459,-0.0,-0.0
262648,2019-10-27,4:35,Merit Medical's Medallion 4-Y-O Fillies (Pro/Am) Flat Race,Kilashee,8/1,6,3:54.32,0.0,-0.125,181320165.3755459,-0.0,-0.0
262649,2019-10-27,4:35,Merit Medical's Medallion 4-Y-O Fillies (Pro/Am) Flat Race,Tempting Tara,8/1,7,3:55.70,0.0,-0.125,181320165.3755459,-0.0,-0.0
262650,2019-10-27,4:35,Merit Medical's Medallion 4-Y-O Fillies (Pro/Am) Flat Race,Ciara's Treasure,20/1,8,3:56.64,0.0,-0.05,181320165.3755459,-0.0,-0.0
